pdb_id,chain_a,chain_b,split,num_residues,num_binding
1ATN,A,,train,371,17
4ZAR,A,B,val,279,28
2A50,B,,val,167,56
8SVG,A,B,val,119,17
1AY7,A,,val,96,19
6RD2,A,B,train,110,15
3MRE,A,B,test,274,43
6TBX,A,B,train,249,14
6VI2,D,A,train,236,25
7COH,Q,A,train,137,0
1HBN,C,,train,247,57
7ROV,B,A,train,168,11
9I41,L,H,train,212,51
4HRR,A,B,train,149,28
7LKL,A,B,train,269,43
4LLD,A,B,train,99,28
6RHC,A,P,train,227,28
1A3N,A,,train,141,23
5LZH,B,A,train,101,30
4HI8,A,B,train,170,28
2AGG,X,,test,223,20
5LZH,E,A,train,103,32
2ZWG,B,A,train,71,20
3SPV,A,B,val,276,42
2XN6,A,,val,338,74
1CGI,I,,test,56,19
5NGQ,D,A,test,114,13
3BOM,D,A,train,147,18
9HUB,C,X,val,119,3
9QNJ,A,P,test,236,21
6FG8,A,B,train,188,27
4O36,B,A,train,101,21
5NB4,E,A,train,164,0
1XF6,A,,train,75,23
8DA5,D,A,train,54,4
1MRO,B,,train,442,42
6Y29,A,B,val,276,50
3F9X,C,A,train,160,11
3BUX,B,A,train,305,23
9D5V,A,B,test,203,91
4PJ2,B,A,test,123,28
6WFY,H,L,val,228,50
4EJD,A,B,test,99,41
6NV2,A,P,train,235,26
3FEA,A,L,train,83,16
2WLV,B,,train,144,27
5GOD,A,B,train,76,15
5NI9,B,A,train,193,55
7ODH,S,L,train,264,97
5Z0I,A,B,train,273,38
6NV2,A,P,train,235,26
5Z0K,B,A,train,73,22
3D9A,H,C,train,210,15
2G3D,B,,val,165,70
3MEU,A,B,train,173,22
3MRG,A,B,train,274,44
2I25,N,,train,114,18
2Y5F,L,,train,54,24
2AGY,B,,train,361,51
2HRK,A,,train,177,19
3WVD,B,A,train,212,95
4HT3,A,B,train,268,44
6Q0M,B,A,val,94,19
3POT,B,A,train,442,38
7R7W,B,A,train,100,33
2Y5G,A,,test,234,32
1QTN,B,,val,90,54
1E6E,A,,train,457,28
6EAU,A,I,train,223,34
6Z1V,A,B,train,80,16
3VZ9,B,D,train,103,45
6TJT,B,A,train,158,12
6ZEH,D,A,train,65,0
6SWT,A,B,val,228,17
4PJ2,C,A,test,122,8
6UYR,A,,test,74,15
9QDG,A,B,test,393,124
6GSC,A,B,train,205,21
4NZU,H,L,val,223,56
9G6Q,L,H,train,113,31
1XG0,B,,val,67,24
6FC0,A,B,train,192,55
6HOI,B,A,train,117,13
7HOL,B,A,test,156,65
3CZF,B,A,train,100,32
1DFJ,I,,train,456,35
4JOK,B,,train,87,15
3X26,B,A,train,212,93
5E0L,A,C,train,87,22
2DF6,B,,train,59,4
5JSH,B,A,train,481,100
1GRN,A,,train,191,22
6FUD,A,B,train,77,25
6I4D,G,A,train,122,32
3U8O,H,L,train,251,43
1PPE,E,,train,223,27
9SYN,A,B,train,204,16
3AYX,B,A,train,273,96
9TDZ,A,B,train,356,28
1CSE,I,,val,63,15
1QA9,A,,train,102,16
9DNR,A,,train,70,12
8BD1,B,A,train,130,29
6Y26,B,A,train,100,36
9G6Q,H,L,train,120,24
6DDM,A,C,train,215,8
6MT3,A,B,val,276,34
7HOL,B,A,test,156,65
3BUX,D,A,train,305,0
7Q5X,A,B,test,221,42
5LZH,A,B,train,101,32
1R0R,I,,val,51,19
2AGY,H,,train,104,0
3BOG,A,B,train,80,0
1W6S,D,,train,73,0
5A4I,T,L,train,264,29
4ONL,A,B,test,140,16
3MHR,A,P,val,235,29
8BRS,A,B,val,195,134
5R45,C,A,train,97,5
2CN0,H,,train,250,14
2XN6,A,,val,338,74
4HRR,H,A,train,150,0
7LHY,A,B,train,110,17
6II1,C,A,val,138,2
5IZ3,A,B,train,316,53
5MHC,A,P,val,235,29
2AGY,A,,train,360,35
5NNE,A,C,val,125,20
2WNV,F,,train,129,15
5R4D,B,A,val,131,19
5R46,B,A,train,131,14
7NQP,A,P,train,226,26
6OSH,H,L,train,114,30
5R4D,C,A,val,97,6
1QA9,D,,train,95,0
2H8F,C,,train,142,9
3F9X,D,A,train,161,0
1UDI,E,,train,227,27
5N8A,A,X,train,121,15
5NQ0,B,A,train,99,28
3CZF,A,B,train,276,44
1ZGX,A,,train,63,35
5R45,B,A,train,131,18
8SVG,B,A,val,74,24
5NB4,G,A,train,164,0
5NB4,Q,A,train,183,0
3O2R,B,A,test,143,28
7LHY,A,B,train,110,17
5QZ6,A,B,val,237,9
5OXZ,A,B,train,90,47
6Y26,A,B,train,276,50
3A8G,A,B,train,195,83
4HM8,A,B,val,446,53
6L0V,C,A,val,61,0
3AWX,B,A,train,72,23
6SBA,A,B,train,211,17
3F9X,A,B,train,160,12
5R44,B,A,train,131,14
3HFL,Y,,train,129,9
8IC9,B,A,train,76,16
2W72,C,,train,141,10
2P45,A,,train,124,17
5Z0L,A,B,train,276,40
2DF6,A,,train,59,2
8HLO,A,C,train,67,18
5FOX,A,C,test,222,17
7Y8J,H,A,train,121,20
7H2I,B,A,val,156,68
1OEX,A,,train,328,36
7Z8O,A,B,test,195,14
8TK9,A,B,train,204,23
5T5L,B,A,train,229,28
4Y11,I,E,train,56,18
6SQP,D,A,train,68,0
7COH,N,A,train,512,0
7A2X,A,B,val,60,15
7BNT,C,A,train,84,3
9QDD,B,A,train,88,74
5NNE,A,,val,125,20
6G7R,S,L,train,263,107
5N8E,A,B,train,119,5
6RTP,A,B,val,283,90
3M32,E,A,train,442,55
1GA6,A,,train,369,11
2G2S,B,,train,164,66
7OQI,A,B,train,254,53
1WDD,A,,train,464,52
2IFQ,C,,test,104,0
9MXD,A,B,train,143,48
5XVE,B,A,train,76,40
2DF6,B,,train,59,4
3LW1,A,P,train,234,25
8DA5,B,A,train,55,16
5R42,B,A,train,131,14
7D9Z,H,L,test,207,57
4EE6,B,A,train,282,20
9FYS,X,C,val,72,5
9ERB,T,S,test,268,24
1BVN,T,,train,71,24
1YPH,F,,train,97,0
2VH3,B,,train,110,28
8AVT,A,C,val,51,0
4JOJ,A,B,test,87,12
5N8B,B,A,train,120,8
3K05,A,B,train,193,18
2PTC,I,,train,58,18
5FOT,A,C,test,225,19
9DNO,B,A,train,71,6
7N3H,H,L,train,214,61
5JSK,A,B,train,283,90
2AGY,D,,train,108,0
6BHD,A,B,train,217,31
7S5H,A,B,test,92,28
3K05,B,A,train,200,9
4UDW,H,I,val,251,17
6EAX,A,I,val,223,28
7CN7,A,C,val,178,30
3U23,A,B,train,56,20
2JE4,B,,val,96,40
5EQ0,A,B,train,55,19
5R4D,C,A,val,97,6
8BX3,A,B,train,236,21
7Y8J,H,A,train,121,20
7EK6,A,B,train,50,23
6QTO,A,B,train,313,29
5NB4,J,A,train,164,0
6SQP,B,A,train,68,33
5NB4,M,A,train,183,35
5XCT,A,B,train,167,67
8P0D,A,B,train,234,21
7OBV,B,A,test,155,73
5N8E,A,B,train,119,5
4FLG,A,B,train,99,39
4Y9W,A,B,train,328,31
2IFQ,C,,test,104,0
1GDQ,A,,train,224,27
3M32,F,A,train,246,27
7NFW,A,B,train,231,17
5R49,B,A,train,131,19
8BBP,B,A,train,346,76
6OC7,L,H,train,212,56
7COH,W,A,train,56,0
6FU9,B,A,train,84,30
7COH,S,A,train,91,0
1HRC,A,,train,104,33
1GVK,B,,val,240,25
5JSK,A,B,train,283,90
2PTC,I,,train,58,18
5G0R,C,A,val,248,60
7DDM,A,E,train,259,7
6RKG,A,B,train,99,7
4LLD,B,A,train,101,32
3M32,C,A,train,247,56
8QF4,E,A,train,127,27
8AQB,B,A,train,155,74
7S6O,B,A,train,75,11
3MEA,A,B,test,162,12
5N8J,B,A,train,120,12
4UU5,A,B,test,90,17
3F9X,D,A,train,161,0
8DA3,B,A,val,50,18
1IRD,B,,test,146,29
6Z1V,B,,train,123,20
9FC2,A,B,train,195,32
5NJ9,D,A,test,442,0
8ZXW,A,H,val,214,12
9QD6,A,B,train,396,119
4OB0,A,B,train,202,97
5N89,A,B,train,121,7
9IA3,B,A,train,228,61
7H2G,B,A,train,156,70
6RL3,A,P,train,230,29
6RJL,A,P,test,236,35
4UE8,A,B,train,162,43
2BTF,A,,train,373,26
6I4E,A,G,val,351,31
9GFY,A,B,test,330,25
8DA7,A,B,train,54,16
9GVH,B,A,train,74,29
4J9F,C,A,test,57,2
4J47,C,A,train,76,15
8BXI,A,B,test,236,20
3NJN,A,B,test,114,27
4JOJ,B,A,test,87,17
8CZH,A,B,test,157,33
7NP2,A,P,val,235,30
3S43,A,B,train,99,40
8FXQ,A,B,train,324,29
5XCO,A,B,train,170,18
2WNV,B,,train,132,29
8RMO,H,F,train,205,9
1Z0J,B,,train,51,16
1GRN,B,,train,197,32
6TBX,D,A,train,249,45
2PV1,A,,train,103,23
8G4K,A,B,train,101,27
7AQZ,C,A,train,124,4
6Q0N,A,B,val,93,16
6QHM,A,P,test,235,16
4YEC,A,B,train,126,55
2SIC,E,,train,275,31
2AH1,H,,train,109,0
7A2Y,A,B,train,60,15
4PJ2,A,B,test,121,29
1XG0,C,,val,173,57
7B1S,E,A,test,466,71
2O5G,A,,train,147,44
2P45,A,,train,124,17
1AY7,B,,val,89,20
5A0Y,C,A,test,248,60
8BZC,A,B,test,236,20
7Z7C,A,B,train,159,24
5N8E,B,A,train,122,5
9F7W,A,B,val,271,20
2DN2,C,,train,141,6
7JQK,I,E,train,165,21
1HE1,D,,test,176,5
8OW6,D,A,train,148,3
1ATN,A,,train,371,17
1RDQ,E,,train,340,36
7BIQ,A,P,train,230,26
6VNT,A,B,train,268,45
8AVS,B,A,train,51,8
1W6S,B,,train,73,41
2J9J,A,,train,94,41
2PV2,C,,val,103,5
5MXO,A,P,train,223,17
6T56,H,L,train,250,43
4J9F,A,B,test,62,16
5M2O,B,A,train,74,21
8BP4,A,B,test,93,0
4LN2,A,,train,66,16
2XQQ,C,,train,86,25
4K12,A,B,train,64,20
6Z8M,B,A,train,482,99
2H5D,A,,train,198,29
6S07,A,C,train,303,37
7Z76,A,B,train,104,30
4X5W,B,A,train,188,61
6OSV,K,L,val,81,18
5JSH,A,B,train,283,93
1KAC,A,,test,185,15
1LK2,B,,test,99,34
1GK9,A,,val,208,158
5NB4,W,A,train,183,0
8SRV,A,B,train,306,69
8B2F,A,B,train,74,4
6WX3,B,A,train,389,40
5N8J,D,A,train,120,7
3BOM,C,A,train,142,11
6J2U,B,A,train,273,42
5Z0H,A,B,train,273,37
3P95,E,A,test,58,16
2J9J,B,,train,94,37
3F1P,B,A,test,111,29
3SGB,I,,train,50,16
2AGY,H,,train,104,0
6V2O,A,B,test,276,41
5R44,C,A,train,96,4
2G5L,A,,train,121,46
1UBL,S,,val,267,93
2W72,D,,train,146,17
5N7X,B,A,train,121,0
7JOD,I,E,val,166,23
5JSK,B,A,train,481,101
1TJK,A,,train,121,14
5N7X,A,B,train,122,0
6Y29,A,B,val,276,50
8TBG,B,A,train,167,1
6Z8M,A,B,train,283,87
7KWV,B,A,train,395,40
5JSY,A,B,val,283,91
3SFJ,A,B,train,103,24
6E3D,A,B,val,510,27
2ZPB,A,B,train,195,87
7WJ2,A,B,val,276,46
8ROP,B,A,test,100,35
3O18,B,A,test,171,37
2UUY,A,,train,223,26
5NB4,P,A,train,183,19
4LP9,A,I,val,330,35
9HUB,X,C,val,73,7
5Z0I,A,B,train,273,38
9QNH,A,P,train,236,24
9H8H,D,A,val,219,42
2A50,B,,val,167,56
4U2W,A,B,train,223,26
3SPV,A,B,val,276,42
5JB9,S,E,train,235,30
6M8Y,A,B,train,369,23
8AQK,B,A,train,154,72
3JQL,A,B,train,119,16
1IRD,A,,test,141,24
2DKO,B,,train,103,54
3BWA,A,B,train,276,45
3TVJ,B,A,val,242,23
6FEA,C,A,test,113,41
8GV2,B,A,train,212,50
6F4Q,A,B,test,235,13
2BMO,B,,train,194,40
8EHE,B,A,val,124,43
6I4D,A,G,train,351,31
5E0L,A,C,train,87,22
8C3N,A,B,val,214,30
2QA9,E,,test,185,22
5H5Q,A,B,train,164,18
2QA9,E,,test,185,22
6BRA,B,A,train,99,40
5SZB,A,H,test,115,36
5N8J,A,B,train,122,12
5G0R,F,A,val,248,25
2Y5G,L,,test,54,25
9LH0,B,A,train,74,28
5FOX,A,C,test,222,17
1MAH,F,,train,61,21
6OSV,L,K,val,111,20
8DA8,B,A,train,53,11
5N8B,A,E,train,121,29
7G83,B,A,train,245,41
7TUC,B,A,train,99,32
5CGQ,B,A,train,391,38
5T5L,B,A,train,229,28
7NV4,A,P,train,226,26
3LN4,A,B,train,274,42
5R4B,B,A,train,131,16
5CGQ,B,A,train,391,38
5GJH,C,A,train,96,12
2G3D,B,,val,165,70
8IC9,C,A,train,76,0
4J47,C,A,train,76,15
6QTU,A,B,test,306,25
6ROT,H,L,train,250,41
7FMI,B,A,train,300,8
4K8Y,A,B,val,223,29
7ADR,A,B,test,473,85
1N60,A,,train,161,56
3D25,A,B,train,274,37
9GRF,A,,val,104,14
3HHT,A,B,test,200,99
4HRR,E,A,train,149,0
6MT3,C,A,val,100,37
8IM0,B,A,train,124,19
7COH,H,A,train,75,8
6TJT,B,A,train,158,12
7ADY,E,A,train,466,40
2GRR,B,,train,157,14
3MEU,B,A,train,174,30
7COH,A,B,train,512,96
8BP4,C,A,test,90,4
6ZEH,B,A,train,308,16
6DUB,B,A,train,218,18
1N62,C,,test,286,37
8VTD,C,A,train,105,15
9H8H,A,D,val,214,48
4HRR,F,A,train,151,0
7ABT,A,B,val,163,16
1HBN,B,,train,442,38
9I43,L,H,test,211,62
6YB6,H,L,train,250,38
9T9W,A,C,train,355,27
4HY7,A,B,train,170,18
3X20,B,A,train,212,93
1JTG,C,,train,261,2
6XXC,A,B,test,235,25
5R43,B,A,train,131,18
2W72,D,,train,146,17
3LN4,A,B,train,274,42
3FEA,A,L,train,83,16
3IQJ,A,P,train,235,25
4XO9,A,B,test,279,46
3DNJ,B,A,val,81,18
9HUB,Z,C,val,74,4
7ADR,F,A,test,111,0
9QDD,A,B,train,393,123
1A3N,D,,train,145,18
3SFJ,C,A,train,104,8
7ETV,A,B,test,128,14
1N61,D,,train,158,0
6RKG,A,B,train,99,7
2G2S,A,,train,64,52
6G0P,A,B,train,126,16
7R5I,A,B,train,141,28
3IVV,A,D,train,140,14
9ERC,T,S,val,267,22
7NV4,A,P,train,226,26
2J9J,A,,train,94,41
8G1W,A,M,train,240,10
9GZ4,B,A,val,88,70
5AUL,A,B,train,108,21
8AVS,A,B,train,51,11
3U8O,H,L,train,251,43
8QF4,A,E,train,67,25
1AY7,A,,val,96,19
5N8J,C,A,train,120,49
4TRP,H,L,val,203,47
8C04,A,B,train,236,21
5XEC,C,A,val,80,33
7CN7,A,C,val,178,30
9N9N,A,B,test,167,5
4NB3,B,A,train,122,22
6II1,B,A,val,143,27
4PJ2,A,B,test,121,29
6PQK,D,A,train,88,20
4M91,A,B,train,153,12
3AWX,A,B,train,278,43
5L0V,A,B,train,356,30
6Y3W,A,B,test,235,23
8AED,B,A,test,160,29
1C1D,B,,train,349,0
7S7J,A,B,test,84,23
6HIP,B,,train,105,11
9DNP,B,A,train,73,14
6M8W,A,B,train,369,25
3IQU,A,P,val,235,22
5H3J,A,B,val,197,47
4KU0,A,B,train,92,87
8TBK,C,A,train,164,15
8B2F,A,B,train,74,4
2XTS,B,,train,204,92
6XY5,A,B,train,235,30
6T1Q,B,A,test,162,25
2JE4,A,,val,96,38
8SVH,A,B,train,119,19
2PV2,B,,val,103,11
4KU0,D,A,train,96,9
5NB4,O,A,train,183,19
7UXM,B,A,val,164,9
6G8K,A,P,val,236,19
3WA4,A,B,val,96,14
8EC5,A,B,train,257,39
6G6X,A,P,train,236,28
6XTD,B,A,train,163,45
2BVP,A,,train,274,46
2XT1,A,,test,86,18
1E6E,A,,train,457,28
8CZF,A,B,train,161,39
3M2R,F,A,test,246,26
3MEU,A,B,train,173,22
7COH,E,A,train,102,0
4NDO,A,B,train,245,64
6Q8G,D,A,train,114,8
6F0W,A,S,train,219,34
7OKL,A,B,val,125,6
7R5I,B,A,train,143,34
1HBN,E,,train,442,55
5WXH,A,C,train,63,8
1TG1,A,,train,121,18
6TNQ,E,A,train,67,11
5NI3,A,B,train,224,13
4A7G,A,F,train,153,21
6EAT,A,I,train,223,33
8RS8,C,A,val,210,0
6OC7,C,H,train,58,14
5CVD,A,B,train,231,10
7ADY,D,A,train,473,0
5SZC,A,H,train,115,37
7COH,P,A,train,258,1
9FC2,B,A,train,120,28
6Z8J,B,A,test,482,98
1E6E,B,,train,113,28
6Y1J,A,P,train,235,26
1E6E,B,,train,113,28
6FU9,D,A,train,87,4
1BVN,P,,train,496,32
4DFX,E,I,test,347,36
1GDU,A,,train,224,22
7WJ2,A,B,val,276,46
8RPE,E,B,train,114,27
3ZE9,A,B,train,278,85
2DRM,D,,train,58,0
5NB4,G,A,train,164,0
5NI3,B,A,train,228,11
5MXO,A,P,train,223,17
8DA5,D,A,train,54,4
9I24,H,L,train,234,25
8B0Z,A,B,train,131,15
7ABT,A,B,val,163,16
3WGX,A,B,train,109,10
5R0D,A,B,train,237,9
6VI2,A,B,train,215,66
2OIZ,D,,train,109,0
6L0V,A,B,val,61,17
7W51,B,A,test,154,49
6VI2,B,A,train,231,65
7T1K,A,B,train,102,17
1BVN,T,,train,71,24
8AED,A,B,test,160,26
1QTN,B,,val,90,54
7NVI,A,P,train,227,25
5A4F,T,L,train,264,29
5D7F,B,A,test,91,35
5R42,C,A,train,96,5
1N62,A,,test,161,59
3A8M,A,B,train,195,84
8RS8,B,A,val,205,16
8IM0,A,B,train,214,27
2QDY,B,,train,211,91
1GVX,A,,train,328,27
2AH1,A,,train,359,31
8R7T,A,B,test,197,12
7O34,A,P,test,226,22
4UP0,A,F,train,85,18
5N7X,K,A,train,122,9
2DN3,A,,train,141,24
4Y0Y,E,I,train,223,38
6SQP,C,A,train,65,0
7AIZ,B,A,val,464,86
7ADR,A,B,test,473,85
7COH,G,A,train,72,10
7R7W,A,B,train,276,41
7D5B,D,A,test,112,26
1FY5,A,,train,224,23
2SIC,I,,train,107,17
1GA6,A,,train,369,11
1YPH,C,,train,131,14
2F69,A,,val,244,29
9GRF,A,M,val,104,14
4UE7,H,I,train,251,16
5N8J,A,B,train,122,12
7COH,O,A,train,226,0
4WES,B,A,val,458,82
8ZXW,H,L,val,213,47
2DKO,B,,train,103,54
7RPU,B,A,train,218,57
4EJD,B,A,test,99,37
7ZYS,B,A,val,154,73
6NSV,A,B,train,128,22
7Z8O,A,B,test,195,14
9F7W,A,B,val,271,20
6EAW,A,I,train,223,32
5Z0E,A,B,val,273,37
8RS8,B,A,val,205,16
1MQK,H,,train,123,22
6WFY,L,H,val,215,55
6VJU,B,A,train,317,51
9N9N,B,A,test,169,11
6E4D,A,F,train,510,27
9I43,H,L,test,235,51
5NB4,T,A,train,183,0
3RM0,H,L,val,251,29
5N9C,B,A,train,110,16
1LKK,A,,train,105,22
6DDM,C,A,train,88,12
2OXW,A,,train,158,11
5NB4,F,A,train,164,17
7JQK,E,I,train,222,35
5JB9,E,S,train,51,21
2QDY,A,,train,195,88
7S5H,B,A,test,230,44
5R0D,A,B,train,237,9
5NB4,U,A,train,183,0
6R2W,T,L,train,210,49
3BOM,D,A,train,147,18
1KYF,A,,train,247,10
7Z76,B,A,train,89,32
7NFB,B,A,train,244,47
7OQS,A,P,test,226,27
2OIZ,D,,train,109,0
3AWW,B,A,train,77,24
6G0P,A,B,train,126,16
7JRF,C,A,train,477,0
7A2Y,A,B,train,60,15
1TO2,E,,train,281,29
6Z8M,A,B,train,283,87
8DAC,A,B,train,56,17
8DZV,A,C,train,235,28
7CN7,C,A,val,75,29
2DRM,D,,train,58,0
3POT,C,A,train,246,55
4UU5,A,B,test,90,17
3P95,E,A,test,58,16
5OK6,B,A,train,217,20
7RJP,A,B,train,127,20
6R4Z,B,A,train,192,23
1N63,C,,train,287,36
1N63,F,,train,286,0
2XTS,C,,train,389,100
2BMO,A,,train,437,53
6ZEH,C,A,train,65,48
7X70,A,B,train,170,16
1LK2,A,,test,274,44
8ZXW,A,H,val,214,12
2JKH,A,,train,234,27
5XHZ,B,A,train,59,9
8GKO,A,C,train,95,32
7DA0,B,,train,95,56
2HRK,B,,train,121,20
3X24,B,A,train,212,95
7S5H,A,B,test,92,28
6YOW,A,P,train,231,24
3AWW,A,B,train,278,46
2AGY,A,,train,360,35
9GZ0,A,B,test,393,121
7OQF,B,A,train,255,55
1A2K,D,,val,199,20
5H3J,A,B,val,197,47
5NB4,N,A,train,183,0
5N89,D,A,train,122,47
7OQK,A,B,train,254,53
6SLG,A,B,train,332,6
2GRR,B,,train,157,14
9I43,L,H,test,211,62
2CF8,H,,test,250,15
8AED,A,B,test,160,26
7Z76,C,A,train,143,6
7AIZ,C,A,val,112,41
4XOD,A,B,train,279,44
3D9A,C,L,train,129,13
3VZ9,B,D,train,103,45
7TUC,A,B,train,274,37
4U9I,S,L,train,265,98
7T1K,A,B,train,102,17
4U1M,B,A,train,100,32
7OJU,A,H,val,214,44
3VZ9,D,B,train,60,36
7RUP,A,B,train,62,12
2FCW,B,,test,78,21
2DN2,D,,train,146,17
5NGQ,B,A,test,114,7
9QD6,B,A,train,88,70
5A0Y,F,A,test,248,30
3AYX,D,A,train,267,29
3A8M,A,B,train,195,84
3CZF,B,A,train,100,32
8BX3,A,B,train,236,21
6YIA,A,P,train,234,21
8BZA,A,B,train,236,22
3D32,A,B,train,118,9
7PH1,E,I,train,223,33
6OSV,K,L,val,81,18
7M10,A,,test,68,17
7Z76,D,,train,113,0
7DY4,A,B,train,141,24
5R4A,C,A,test,95,4
8IC9,C,A,train,76,0
1UBT,S,,train,267,95
6RKG,B,A,train,122,5
3X26,A,B,train,195,84
7BAA,A,B,test,236,17
2J9J,B,,train,94,37
8GV2,B,A,train,212,50
8R7S,A,B,train,200,13
2ZFD,A,B,test,183,43
2H8F,B,,train,146,21
8RPE,B,E,train,118,27
7O3A,A,P,train,227,25
5ELQ,B,A,val,95,18
5R49,C,A,train,97,7
4JOE,B,A,train,87,13
3MRG,A,B,train,274,44
1A2K,B,,val,124,39
4NZU,H,L,val,223,56
6HOI,A,,train,118,14
6EAT,A,I,train,223,33
9QDG,A,B,test,393,124
6Z8J,D,A,test,479,13
5G0R,B,A,val,442,47
9FYS,M,C,val,120,0
2DRM,B,,train,58,5
4LMS,B,A,train,161,62
5BXO,A,B,train,160,24
6V2O,B,,test,100,34
3D3B,A,J,train,139,25
4JOK,A,B,train,87,13
6Q0M,A,B,val,93,12
5OJ5,A,B,val,310,11
2ZMX,B,A,test,77,24
1HE1,D,,test,176,5
8IC9,B,A,train,76,16
5N89,K,A,train,119,2
9IA3,B,A,train,228,61
7COH,F,A,train,91,33
8SVI,A,,train,119,20
1P2J,I,,train,56,17
9I3W,H,L,train,234,49
5LZH,D,A,train,101,0
7NFW,A,B,train,231,17
2ZWD,A,B,val,273,44
2DN2,A,,train,141,22
7TGF,B,A,train,129,27
9T9W,A,C,train,355,27
6I4D,G,A,train,122,32
3HHT,A,B,test,200,99
6OC7,L,H,train,212,56
3O18,B,A,test,171,37
4OB0,A,B,train,202,97
7OQI,B,A,train,255,55
1XVM,A,,train,224,22
2DRM,B,,train,58,5
9QDD,A,B,train,393,123
4KU0,B,A,train,92,90
1PQ8,A,,test,225,25
7NXY,A,P,test,226,23
1N63,D,,train,158,0
9QNL,A,B,train,236,23
9MUX,A,D,test,77,17
7B1S,B,A,test,466,42
3PTL,A,B,val,279,27
8OW6,D,A,train,148,3
4XHV,A,B,train,94,20
7COH,B,A,train,226,88
6TBX,C,A,train,238,38
7O3A,A,P,train,227,25
7JRF,C,A,train,477,0
7COH,W,A,train,56,0
8BBP,A,B,train,344,74
3ZE9,B,A,train,479,104
4NMP,A,B,train,87,14
2QDY,A,,train,195,88
1P7V,A,,train,279,29
7AZ2,A,P,train,229,23
2I0T,D,,train,120,0
5T5L,A,B,train,229,27
4K12,A,B,train,64,20
7D8D,A,D,train,232,23
2G58,A,,train,121,16
7DY4,F,A,train,146,0
5N8W,A,B,train,121,50
5JB9,E,S,train,51,21
8BZ0,A,B,val,236,21
6MRQ,A,I,train,223,39
8G4K,A,B,train,101,27
9QDG,B,A,test,88,72
5N9C,A,B,train,113,15
5Z0E,A,B,val,273,37
4LMS,D,A,train,162,24
5NQ0,A,B,train,275,42
4FL8,A,B,train,99,40
2SIC,I,,train,107,17
7T0H,H,L,train,215,50
5R4C,B,A,train,131,14
7DY4,B,A,train,146,24
4HPK,A,B,train,110,23
6T3Q,H,L,train,251,40
4LLD,B,A,train,101,32
9D5V,B,A,test,228,105
2VH3,A,,train,110,24
6GG7,B,C,train,338,30
3RM0,H,L,val,251,29
1XG0,C,,val,173,57
2J32,A,,train,240,22
3X26,B,A,train,212,93
7RG8,A,B,val,385,120
5Z0F,A,B,train,279,39
4XOD,A,B,train,279,44
3U7Q,C,A,test,477,0
3HFL,H,,train,214,37
1WXC,B,,train,72,21
1N63,C,,train,287,36
1WXC,A,,train,273,37
3POT,E,A,train,442,56
8DAC,B,A,train,56,14
1TO2,I,,train,64,19
1OBX,A,,train,74,13
4HI9,A,B,test,168,25
8BJ7,B,A,train,88,73
1UBL,S,,val,267,93
3BFQ,G,F,val,132,40
6G0R,A,C,val,127,18
5N9C,A,B,train,113,15
8ZXW,B,H,val,217,0
3QGJ,A,B,train,198,22
9HUB,M,C,val,120,0
9I24,L,,train,52,20
5NI3,C,A,train,228,13
8DA3,A,B,val,54,15
4JJ7,A,B,train,241,20
5NNG,A,B,train,127,11
7COH,R,A,train,102,0
9HUB,I,C,val,133,0
5IQN,A,B,train,132,40
6O40,A,B,train,50,18
6R4Z,B,A,train,192,23
5IMK,B,A,train,125,19
2ZWG,A,B,train,276,43
5NJ9,C,A,test,480,0
8Q55,A,P,train,235,24
6ROT,H,L,train,250,41
3WDC,A,B,train,147,17
1HBN,C,,train,247,57
7ADR,B,A,test,465,86
5JSY,B,A,val,482,100
4HRR,H,A,train,150,0
6TS3,B,A,train,70,8
5TEG,B,A,test,158,18
5EMB,A,B,train,96,21
9H8H,A,D,val,214,48
7ADY,A,B,train,473,85
4JOE,B,A,train,87,13
6KEY,A,B,train,200,13
8C04,A,B,train,236,21
4HI9,B,A,test,72,25
2DRM,A,,train,58,8
1MRO,F,,train,247,27
6Y9Q,B,D,train,94,21
1XG0,D,,val,176,27
8R7T,B,A,test,199,11
1AY7,B,,val,89,20
1OAI,A,,train,59,15
3SOV,A,Z,train,306,16
5Y34,B,A,train,273,100
7COH,D,A,train,143,45
8RPE,B,E,train,118,27
6UCF,L,H,val,213,55
3AWS,B,A,test,78,23
5Z0D,B,A,train,80,27
5A0Y,E,A,test,442,59
2AH1,B,,train,360,44
3NHE,B,A,train,76,43
5N8B,A,E,train,121,29
5LZH,E,A,train,103,32
5IMK,A,B,train,118,25
3S43,B,A,train,99,43
4HRR,C,A,train,149,0
6E3D,A,B,val,510,27
7COH,S,A,train,91,0
4X5W,A,B,train,181,66
8T19,A,,val,86,18
5LS7,D,A,train,100,48
9GRJ,A,M,train,100,12
2WLV,B,,train,144,27
7OYR,A,C,test,257,9
3F1P,B,A,test,111,29
3IQU,A,P,val,235,22
6Q01,A,B,test,76,0
9GG7,B,A,train,236,27
3WDC,A,B,train,147,17
7AZ1,A,P,train,231,23
1CGI,I,,test,56,19
7COH,B,A,train,226,88
3AWU,A,B,train,278,45
7W4Z,B,A,val,154,50
8BJ8,A,B,train,394,118
7H2I,B,A,val,156,68
9SYN,A,B,train,204,16
4HT3,A,B,train,268,44
2W72,B,,train,146,25
2DRM,A,,train,58,8
6EH4,E,D,train,244,61
5JB9,S,E,train,235,30
6FC0,B,A,train,77,54
2BMO,B,,train,194,40
1A2K,E,,val,205,0
6O40,A,B,train,50,18
5AF9,H,I,val,250,17
5OK6,A,B,train,219,29
8ZXW,H,L,val,213,47
5R45,B,A,train,131,18
8APS,A,B,test,236,18
2OIZ,H,,train,121,0
3WVD,B,A,train,212,95
5TDA,A,B,train,71,20
6TJT,A,B,train,159,12
6FAU,A,B,train,229,30
2WNV,A,,train,132,28
8BBP,A,B,train,344,74
6GAL,S,L,train,264,107
5WXH,A,C,train,63,8
9I24,H,L,train,234,25
4LMS,C,A,train,68,27
5A0R,B,A,train,192,24
4FL8,B,A,train,99,39
7KGQ,A,B,train,276,40
9I41,H,L,train,228,54
7NWS,A,P,train,226,25
1HBN,F,,train,247,21
2P45,B,,train,116,19
9TDZ,A,B,train,356,28
4J9F,A,B,test,62,16
6YPQ,B,A,train,172,42
6F0W,A,S,train,219,34
2P45,B,,train,116,19
9GG7,A,B,train,234,25
8TK9,A,B,train,204,23
7W50,A,B,test,363,50
3BZY,B,A,train,83,37
6QTS,A,B,train,298,21
8BYO,A,B,train,236,22
4B3B,A,C,val,224,18
4YSI,A,B,train,138,17
8TXF,A,B,train,295,48
4KU0,B,A,train,92,90
7W51,B,A,test,154,49
5XVE,A,B,train,331,69
7RSW,A,B,train,125,7
8R7U,A,B,test,199,13
3FE7,A,L,train,83,19
4F14,A,B,train,56,16
6T4A,H,L,train,251,40
9GFY,A,B,test,330,25
7T89,D,A,train,171,12
5NJ9,C,A,test,480,0
8ANC,A,P,val,236,24
5NB4,U,A,train,183,0
5N8W,B,A,train,121,51
9FYS,I,C,val,133,0
1LK2,B,,test,99,34
7Q5V,A,B,train,223,44
4HPK,B,A,train,113,19
6RUC,B,A,train,481,99
3MEU,B,A,train,174,30
7ZKR,A,B,train,115,21
6FU9,C,A,train,79,6
4FL8,A,B,train,99,40
6QTU,A,B,test,306,25
5MM6,H,L,train,251,35
2BVP,A,,train,274,46
4XHV,A,B,train,94,20
1WEJ,L,,test,214,61
7Q5X,A,B,test,221,42
5XCT,B,A,train,161,71
6Q00,A,B,train,76,17
2V89,A,,train,78,9
7SAK,B,A,train,119,24
6GG7,B,C,train,338,30
2DN3,A,,train,141,24
1E6E,C,,train,456,38
5OJ5,A,B,val,310,11
8AVR,A,B,train,51,0
5GOD,A,B,train,76,15
8EHE,A,B,val,352,53
8JJV,A,,train,110,27
6RD2,B,A,train,109,15
1UBR,S,,train,267,93
3P95,A,E,test,224,35
1QA9,B,,train,95,17
1A2K,D,,val,199,20
7WZZ,B,A,train,99,30
7COH,U,A,train,75,0
4A7G,F,A,train,153,22
6Q8G,A,E,train,114,15
5A0Y,B,A,test,442,46
1KAC,B,,test,124,22
5R4B,C,A,train,97,6
5XCQ,A,B,train,166,66
4Y0Y,E,I,train,223,38
6FC0,A,B,train,192,55
8EHE,A,B,val,352,53
3HHT,B,A,test,227,109
7AGE,F,A,train,339,0
9F6S,A,B,train,84,14
4U1M,A,B,train,277,47
6JWM,A,B,val,203,13
4CPA,B,,train,308,12
6TS3,A,B,train,73,10
7S6O,A,B,train,73,14
9I43,H,L,test,235,51
6MRQ,A,I,train,223,39
5N8E,D,A,train,120,45
7LKL,B,A,train,394,40
4PZ3,B,A,train,151,28
2IUR,D,,val,109,30
3NJN,A,B,test,114,27
3FIL,A,,train,55,15
4LMS,B,A,train,161,62
6J2U,B,A,train,273,42
1NLU,A,,train,368,20
1WDD,S,,train,121,44
5R47,B,A,train,131,19
9DNP,B,A,train,73,14
5YRH,B,A,val,141,16
6BRA,B,,train,99,40
3TV3,H,L,train,233,66
5A0E,A,B,train,165,11
9ERB,S,L,test,268,102
1QA9,C,,train,102,1
4FLG,B,A,train,101,44
6NSV,A,B,train,128,22
7ADR,E,A,test,466,40
6EM7,A,D,train,338,35
3AWU,B,A,train,78,25
9N9N,A,B,test,167,5
6EH4,D,E,train,204,63
5A0E,B,A,train,164,15
5NB4,D,A,train,164,33
7KGQ,B,A,train,99,33
4XMH,A,B,train,185,11
3POT,F,A,train,246,26
6EH5,B,A,train,244,64
4UD9,H,I,train,255,16
5NB4,B,A,train,164,0
6DUB,A,B,train,222,17
1MRO,C,,train,247,55
8SVH,B,A,train,78,24
2WNV,C,,train,129,28
7WZZ,B,A,train,99,30
2J32,A,,train,240,22
3POT,C,A,train,246,55
2XT1,B,,test,114,26
2W72,B,,train,146,25
4B1Y,B,M,train,364,27
5XCQ,A,B,train,166,66
5OB0,A,B,train,57,16
2DN3,B,,train,146,28
8EC5,B,A,train,99,31
7N3H,L,H,train,213,61
5MHC,A,P,val,235,29
1FN8,A,,train,224,23
5NGQ,D,A,test,114,13
3A8M,B,A,train,212,93
7E0B,A,B,train,96,16
5IQO,A,B,train,132,44
2A50,A,,val,64,42
4JOR,B,A,train,87,14
5G0R,E,A,val,442,58
8B2R,B,A,train,86,33
6G7R,T,S,train,263,21
4KEL,A,B,train,223,30
6SWT,A,B,val,228,17
2CF8,H,,test,250,15
6HMT,A,B,train,236,18
6HMU,A,B,train,236,16
5MM6,H,L,train,251,35
4G9S,A,B,test,187,37
3BFQ,G,F,val,132,40
2G5L,B,,train,105,51
2ZPB,A,B,train,195,87
5A0Y,B,A,test,442,46
1ZGX,A,,train,63,35
2XTT,B,,val,223,36
5NI3,D,A,train,224,16
7RJP,A,B,train,127,20
4U9H,S,L,train,265,100
8AQB,B,A,train,155,74
6Y2A,A,B,train,276,53
7BIW,A,P,test,231,26
8TBK,C,A,train,164,15
9ERC,S,L,val,268,91
9DNQ,A,C,train,75,14
8SVH,B,A,train,78,24
3AWU,B,A,train,78,25
4HGC,A,I,train,223,28
3TV3,L,H,train,205,51
8ZXW,L,H,val,217,59
9I41,L,H,train,212,51
2XQQ,B,,train,89,7
1UBH,S,,val,267,93
6II1,A,B,val,137,22
3MEA,A,B,test,162,12
5IVN,A,B,train,123,30
9FYS,C,X,val,119,6
5NB4,A,B,train,164,0
7ADY,C,A,train,113,38
5H5R,A,B,train,168,22
6QHL,A,P,train,236,31
1NCA,L,,test,214,11
1M1N,A,,train,477,126
6F4T,A,B,train,234,21
6Q01,B,A,test,76,2
6RTP,A,B,val,283,90
8VTD,A,B,train,214,49
3BWA,B,A,train,100,32
8G4K,B,A,train,111,24
5OL4,B,A,train,122,5
2I25,O,,train,117,15
5D7F,A,B,test,91,35
5NB4,T,A,train,183,0
8R7S,B,A,train,200,11
7QOU,A,B,train,200,95
7B9R,A,B,train,236,16
3AYZ,B,A,train,273,95
6HER,B,A,train,124,16
8PAY,A,H,train,370,22
2X7K,A,,train,164,19
2W72,C,,train,141,10
4JOE,A,B,train,87,15
9TES,A,B,val,350,28
1MQK,L,,train,109,24
6Z8J,A,B,test,279,87
2Z6W,A,,val,164,13
1NCW,H,,train,222,57
8B0Z,B,A,train,130,16
8VTD,C,A,train,105,15
8TBG,B,A,train,167,1
7DY4,E,A,train,141,0
6TBX,B,A,train,249,13
1TO2,E,,train,281,29
8G1W,A,M,train,240,10
8FXQ,B,A,train,329,26
2V8F,B,,train,138,8
2FHZ,A,,train,106,35
5LZH,C,A,train,103,0
2PIE,A,,train,132,15
6XTD,A,B,train,132,37
8SOV,A,B,train,279,31
6D3Y,A,C,val,245,27
4Y11,E,I,train,223,29
4G9S,A,B,test,187,37
8BBP,B,A,train,346,76
6WFY,L,H,val,215,55
7AIZ,A,B,val,473,85
6GAL,S,L,train,264,107
9MXD,A,B,train,143,48
8BJ8,A,B,train,394,118
6Z8J,C,A,test,279,0
6VJU,A,B,train,316,51
8Q1R,A,E,train,288,20
9GG8,A,P,train,236,22
5R46,B,A,train,131,14
6Y2A,B,A,train,100,34
6Q0N,A,B,val,93,16
4QLP,B,A,train,199,57
8GV1,A,B,val,214,47
6T1Q,A,B,test,172,22
5NGQ,C,A,test,114,37
1XF6,A,,train,75,23
1GDN,A,,train,224,24
4M91,A,B,train,153,12
7CIO,A,,train,109,19
5G0R,C,A,val,248,60
3D1K,A,B,train,142,22
5OAV,A,B,val,57,12
7DA0,B,C,train,95,56
8B2F,B,A,train,74,4
1GDU,A,,train,224,22
8RMO,L,F,train,211,12
7A2X,A,B,val,60,15
7DY4,C,A,train,141,10
1W6S,D,,train,73,0
4EE6,A,B,train,280,18
7G83,B,A,train,245,41
3LN4,B,A,train,99,36
1MRO,C,,train,247,55
7H2G,B,A,train,156,70
5N7X,F,A,train,122,0
3M32,B,A,train,442,39
7DDM,A,E,train,259,7
7D9Z,L,H,test,217,60
3QGJ,C,A,train,198,3
6HIP,B,A,train,105,11
7OBV,B,A,test,155,73
2A50,A,,val,64,42
3O2R,C,A,test,144,0
8AVS,B,A,train,51,8
2XTS,A,,train,389,118
5JRD,S,L,test,264,94
5R47,B,A,train,131,19
9MEF,A,B,test,264,41
5A0Y,C,A,test,248,60
2ZFD,B,A,test,116,35
2WNV,A,,train,132,28
7OQF,B,A,train,255,55
5JZY,H,L,train,250,39
8OW6,C,A,train,148,0
5NB4,K,A,train,164,0
8AVT,A,C,val,51,0
3OT1,B,A,train,189,34
1N61,C,,train,287,34
7RSW,B,A,train,125,7
4G9S,B,A,test,111,37
6OSH,L,K,train,113,17
5R47,C,A,train,97,7
7AQZ,B,A,train,361,123
7TUC,B,A,train,99,32
6EM7,A,D,train,338,35
5MY9,A,P,train,236,18
5N89,B,A,train,122,6
3F9X,B,A,train,160,14
5QZ6,B,A,val,300,8
5XVE,A,B,train,331,69
1TO2,I,,train,64,19
5TDB,A,B,train,70,19
7A2W,A,B,train,61,15
7RUP,A,,train,62,12
4Y11,I,E,train,56,18
9GG8,A,P,train,236,22
2BVP,B,,train,99,33
1GRN,A,,train,191,22
7B9T,A,B,train,236,17
8BFT,A,B,train,321,20
8AVR,C,A,train,51,8
7OQI,B,A,train,255,55
5A0R,A,B,train,192,19
7ZKR,A,B,train,115,21
8EBK,A,B,train,86,21
1HE1,B,,test,135,7
5GJH,C,A,train,96,12
4Y9W,A,B,train,328,31
2DN2,A,,train,141,22
2X7K,A,,train,164,19
1GRN,B,,train,197,32
7AZ1,A,P,train,231,23
1MEX,L,,train,213,48
8S2M,B,A,train,128,39
8BJ7,B,A,train,88,73
8T4R,A,D,train,75,25
7AQZ,A,B,train,358,119
1YPH,C,,train,131,14
3AWT,B,A,train,78,25
4JOJ,A,B,test,87,12
7DY4,H,A,train,146,1
1HE1,C,,test,176,26
1UBR,S,,train,267,93
3A9J,A,,train,76,6
4HRR,B,A,train,151,25
5Z0K,A,B,train,276,39
5NI3,A,B,train,224,13
2I0T,B,,train,361,45
5SZC,A,H,train,115,37
5NI9,A,B,train,179,64
8AED,B,A,test,160,29
5TDB,A,B,train,70,19
2JE4,B,,val,96,40
3DNJ,A,B,val,80,17
3G8F,A,B,train,121,15
6II1,A,B,val,137,22
5IVN,A,B,train,123,30
7TUC,A,B,train,274,37
3IQJ,A,P,train,235,25
7D9Z,H,L,test,207,57
4K1E,A,B,train,223,29
6MT6,A,B,val,276,36
5JRD,S,L,test,264,94
4JOF,A,B,train,87,19
6GAL,T,S,train,266,23
1MJU,L,,train,219,59
3BWA,A,B,train,276,45
8BZA,A,B,train,236,22
1NCA,N,,test,389,14
9R2Z,A,B,test,79,20
3MRG,B,A,train,100,33
5KXH,A,B,test,350,36
2I0T,A,,train,359,31
3BOM,C,A,train,142,11
5N7X,F,A,train,122,0
1A3N,D,,train,145,18
5R43,C,A,train,97,7
5NB4,H,A,train,164,0
1WEJ,F,,test,104,11
7JQK,E,I,train,222,35
6T3Q,H,L,train,251,40
4FLG,A,B,train,99,39
4XOJ,A,B,train,223,26
7T89,B,A,train,174,63
4J9C,A,B,train,58,17
7QQY,A,B,train,216,24
8P0D,A,B,train,234,21
7COH,P,A,train,258,1
8S2M,A,B,train,132,41
3SI4,H,L,val,251,33
4UEH,H,I,train,252,16
4Z2O,A,P,train,127,22
7AIZ,E,A,val,465,40
2I0T,A,,train,359,31
1IRD,B,,test,146,29
7COH,J,A,train,56,9
2XT1,B,,test,114,26
5IMM,A,B,train,120,30
5NB4,L,A,train,164,0
6YZH,A,D,train,344,17
9MEF,A,B,test,264,41
8JUG,A,C,test,162,23
6Q0M,A,B,val,93,12
6FR4,A,B,val,202,63
8RS8,D,A,val,210,10
5TDA,A,B,train,71,20
5NQ0,B,A,train,99,28
6DDM,C,A,train,88,12
7COH,N,A,train,512,0
6UCF,H,L,val,226,57
6O21,A,B,test,220,29
7A5M,A,B,train,112,15
7ROV,A,B,train,168,17
8AVS,A,B,train,51,11
3VZ9,D,B,train,60,36
5XN3,A,B,train,199,13
1GVK,B,,val,240,25
5JSH,B,A,train,481,100
5O45,A,B,train,129,21
3A8G,A,B,train,195,83
9HUB,B,C,val,133,26
6NI9,B,A,train,229,71
8B2R,A,B,train,78,24
8DA3,A,B,val,54,15
5Y34,D,A,train,267,30
3DS4,B,A,train,75,14
5T5L,b,,train,229,28
3HFL,Y,,train,129,9
2I25,N,,train,114,18
3DNJ,B,A,val,81,18
8C3N,A,B,val,214,30
3IQV,A,P,train,235,21
1JTG,D,,train,165,0
6NI9,B,A,train,229,71
1DFJ,E,,train,124,30
7OQN,B,A,train,255,55
3SGB,E,,train,185,25
2GRR,A,,train,157,20
8R7S,B,A,train,200,11
9R2Z,B,A,test,78,21
1WUH,S,,train,267,93
6FEA,D,A,test,461,0
7ROV,B,A,train,168,11
2PV2,B,,val,103,11
5NB4,D,A,train,164,33
8BP4,C,A,test,90,4
5IMM,B,A,train,125,24
8BZW,A,B,train,236,21
4EE6,A,B,train,280,18
5O45,A,B,train,129,21
5NGQ,B,A,test,114,7
3D3B,A,J,train,139,25
8TBK,D,A,train,165,15
4YEC,B,A,train,228,63
1JTG,A,,train,262,36
2IUR,D,,val,109,30
8TBG,A,B,train,167,1
7BA8,A,B,train,236,18
5NB4,P,A,train,183,19
1Z0J,A,,train,169,21
3NJN,C,A,test,114,35
4HVW,A,B,train,61,16
7CN7,C,A,val,75,29
7JQK,I,E,train,165,21
2VH3,A,,train,110,24
5NB4,A,B,train,164,0
8SRV,A,B,train,306,69
9EZU,A,B,val,118,21
5MY9,A,P,train,236,18
3D32,B,A,train,116,7
6HIP,A,,train,104,13
7ZYS,B,A,val,154,73
8BJ7,A,B,train,395,117
7O59,A,P,train,226,25
6XTM,A,C,val,303,32
2I25,L,,train,129,25
6Q8G,B,A,train,114,38
2V8F,A,,train,138,9
7AGE,D,A,train,339,0
3QX5,H,L,test,251,32
2I0T,D,,train,120,0
5ELQ,B,A,val,95,18
3CZF,A,B,train,276,44
8PEF,A,B,train,134,18
6S07,A,C,train,303,37
5ONP,A,B,train,316,19
2AGE,X,,test,223,21
5N89,M,A,train,122,0
5H5Q,A,B,train,164,18
8DA5,C,A,train,55,0
6Z8J,D,A,test,479,13
1XF6,B,,train,67,28
5LS7,B,A,train,128,2
6FJT,H,L,val,251,40
1M1N,G,,train,477,0
5R04,A,B,train,237,9
3A8M,B,A,train,212,93
7B1S,F,A,test,265,20
5N89,D,A,train,122,47
5G0R,F,A,val,248,25
9GZ0,B,A,test,88,71
5N89,O,A,train,120,0
8GV2,A,B,train,218,44
2WNV,E,,train,130,0
8ZXW,B,H,val,217,0
7R5I,A,B,train,141,28
8B58,A,B,train,199,12
7LPF,A,B,train,268,40
2BVR,H,,test,251,16
8R7U,A,B,test,199,13
3AWS,B,A,test,78,23
9N89,L,H,train,212,46
8OW6,C,A,train,148,0
5XEC,A,C,val,82,50
6MT6,A,B,val,276,36
1ATN,D,,train,258,24
5R04,B,A,train,300,8
4CBU,G,A,test,125,38
8RS8,A,B,val,210,14
6OSV,H,L,val,119,25
5N8W,A,B,train,121,50
1N62,F,,test,286,0
9DNP,A,C,train,72,15
5GJI,A,B,train,107,25
5XN3,A,B,train,199,13
6OC7,C,H,train,58,14
1M1N,E,,train,477,0
6II1,B,A,val,143,27
6SQP,C,A,train,65,0
3DS4,B,A,train,75,14
6VJU,A,B,train,316,51
7COH,T,A,train,72,7
5Z0H,B,A,train,72,21
8OW6,B,A,train,148,38
4PZ3,A,B,train,150,24
5R48,C,A,train,95,4
3IVV,A,D,train,140,14
7COH,V,A,train,70,0
5IMM,B,A,train,125,24
6PQK,B,A,train,90,12
8RPE,E,B,train,114,27
3BOG,A,B,train,80,0
1WDD,E,,train,463,122
5NB4,S,A,train,183,0
4HRR,D,A,train,151,20
1N61,D,,train,158,0
5OL4,A,B,train,99,6
6ZEG,B,A,train,308,14
4QLP,A,B,train,175,63
7RG8,B,A,val,74,71
9FZK,B,A,train,286,60
2JKH,A,,train,234,27
2V8F,A,,train,138,9
8AVT,B,C,val,51,7
7LKL,B,A,train,394,40
7LPF,B,A,train,393,38
1NH0,A,,val,99,42
6F4Q,A,B,test,235,13
6FU9,A,B,train,79,25
3A8G,B,A,train,212,92
4WES,D,A,val,458,30
7KGQ,B,A,train,99,33
6II1,D,A,val,145,14
4RTW,A,B,train,57,14
5FOT,A,C,test,225,19
3AWT,A,B,train,278,45
3M7U,A,B,test,198,16
3F1P,A,B,test,114,27
2V89,A,,train,78,9
7ROV,A,B,train,168,17
3D1K,B,A,train,146,23
1XG0,D,,val,176,27
4TRP,L,H,val,219,49
4HI9,A,B,test,168,25
5QU2,A,B,train,56,10
9FYS,I,C,val,133,0
7RPU,A,B,train,210,55
5IZ3,B,A,train,315,56
2IUR,B,,val,361,22
7OQN,A,B,train,254,54
1YPH,E,,train,97,5
4ZAR,A,B,val,279,28
6VI2,D,A,train,236,25
1NCA,N,,test,389,14
5JZY,H,L,train,250,39
3AWW,B,A,train,77,24
7ADY,D,A,train,473,0
3ROF,A,B,train,158,22
1MFG,A,,train,95,19
7X70,A,B,train,170,16
6R2W,L,H,train,133,28
8RMO,H,F,train,205,9
9ERB,T,S,test,268,24
6Y9Q,B,D,train,94,21
2AH1,B,,train,360,44
5A0R,A,B,train,192,19
7QOU,B,A,train,227,108
3RM2,H,L,train,251,34
6YIA,A,P,train,234,21
6DDM,A,C,train,215,8
6II1,C,A,val,138,2
4HRR,G,A,train,149,0
7PH1,E,I,train,223,33
9IA3,A,B,train,215,55
4CBU,A,G,test,357,30
4PZ3,A,B,train,150,24
6FEA,D,A,test,461,0
1N62,D,,test,159,0
6MYE,A,,train,93,21
1N60,C,,train,286,36
2WLV,A,,train,144,21
7ADR,D,A,test,473,0
1LZ1,A,,train,130,0
1GK9,A,,val,208,158
6Q8G,C,A,train,114,13
3SV2,H,L,val,251,30
5OXZ,A,B,train,90,47
7BNT,B,A,train,75,14
5Z0I,B,,train,73,20
5NB4,Q,A,train,183,0
1KYF,A,,train,247,10
7D9Z,L,H,test,217,60
2UUY,A,,train,223,26
2XRW,A,,train,349,18
4UQL,B,A,train,264,0
7OQK,A,B,train,254,53
7QOU,A,B,train,200,95
1MJU,H,,train,211,57
3M2R,E,A,test,442,55
1WUK,S,,train,267,92
6SQP,A,B,train,63,30
7ZV7,A,B,train,298,21
8BYO,A,B,train,236,22
4WIH,A,B,train,350,35
4Y0Y,I,E,train,58,17
6NE2,A,B,train,119,21
6KEY,A,B,train,200,13
7FMI,A,B,train,252,11
3RO3,A,B,test,159,30
4HRR,E,A,train,149,0
5NI3,C,A,train,228,13
8DA7,B,A,train,52,20
5T5L,b,,train,229,28
3TVJ,A,B,val,83,17
3U7Q,C,A,test,477,0
8GV1,A,B,val,214,47
5N89,H,A,train,122,0
2AGY,D,,train,108,0
1MRO,E,,train,442,60
5A4I,S,L,train,264,104
9GZ4,A,B,val,393,119
7RG8,B,A,val,74,71
1XF6,D,,train,176,27
4RTY,A,B,train,58,16
1YPH,F,,train,97,0
2DKO,A,,train,146,55
2OXW,A,,train,158,11
1WKR,A,,test,340,28
7ADR,C,A,test,113,40
6NE2,B,A,train,193,34
6I4E,G,A,val,122,31
4ZKO,U,P,train,247,20
6FEA,B,A,test,464,88
6RD2,B,A,train,109,15
3BOG,B,A,train,80,0
5NI9,A,B,train,179,64
6R2W,H,L,train,249,29
4ERY,A,D,train,304,26
5XCQ,B,A,train,160,62
5SZB,A,H,test,115,36
5XCQ,B,A,train,160,62
6SQP,A,B,train,63,30
8R7T,A,B,test,197,12
2A50,D,,val,167,5
7OYM,A,B,train,257,21
3A9J,A,B,train,76,6
6FEA,E,A,test,464,40
7UXM,C,A,val,163,12
6YOO,A,B,train,118,22
2XTT,B,,val,223,36
6ZEH,D,A,train,65,0
6R2W,L,H,train,133,28
6Q0N,B,A,val,93,13
5XCT,B,A,train,161,71
4NZU,L,H,val,211,57
7UZO,A,B,val,101,28
6L8G,B,A,test,87,40
1QA9,B,,train,95,17
3M2R,B,A,test,442,39
8BZC,A,B,test,236,20
7ADY,B,A,train,465,86
5A0Y,E,A,test,442,59
8DA5,B,A,train,55,16
7NFB,A,B,train,241,50
7ADR,D,A,test,473,0
2AGI,X,,val,223,20
6FR4,A,B,val,202,63
1C1D,B,,train,349,0
3LNY,A,B,train,94,21
5Z0H,A,B,train,273,37
5R47,C,A,train,97,7
3NJN,C,A,test,114,35
4YSI,A,B,train,138,17
7FMI,A,B,train,252,11
3LNY,A,B,train,94,21
4NB3,A,B,train,123,13
3P73,B,A,train,99,34
6XTD,B,A,train,163,45
6ZEG,C,A,train,66,52
1N60,F,,train,286,0
3SPV,B,A,val,99,32
7R5I,B,A,train,143,34
3M32,F,A,train,246,27
9YY0,H,L,val,209,53
6Q01,A,B,test,76,0
3L0F,B,A,train,171,11
6T4A,H,L,train,251,40
9GZL,B,A,train,88,71
5R0D,B,A,train,300,8
5CGQ,A,B,train,268,43
4L7X,A,U,train,58,22
6RUC,A,B,train,283,86
6UCF,H,L,val,226,57
7AIZ,B,A,val,464,86
4J47,A,B,train,83,13
6R2W,H,L,train,249,29
1UBJ,S,,val,267,93
1YPH,E,,train,97,5
6TBX,B,A,train,249,13
8T4R,A,D,train,75,25
8TBG,C,A,train,165,16
5R4A,C,A,test,95,4
1TJ9,A,,val,121,19
2ZWD,B,A,val,73,23
6ZEH,A,C,train,304,78
2O5G,A,,train,147,44
5N89,F,A,train,122,11
7T0H,L,H,train,219,53
8ALX,A,B,train,115,20
7B1S,C,A,test,265,66
6G6X,A,P,train,236,28
9HUB,I,C,val,133,0
1A2K,C,,val,196,2
1K5N,A,,train,276,51
4QYO,B,A,train,111,20
3JQL,A,B,train,119,16
2F91,A,,train,237,42
1HRC,A,,train,104,33
2XQQ,A,,train,87,9
8BZW,A,B,train,236,21
4HVV,A,,train,56,16
7D8D,A,D,train,232,23
4PK3,A,B,train,188,37
9HUB,Z,C,val,74,4
5FFV,A,B,train,111,21
2V89,B,,train,74,12
1QTN,A,,val,152,63
6ESA,A,E,train,337,35
3AWU,A,B,train,278,45
1R0R,E,,val,274,27
7LPF,A,B,train,268,40
5NGQ,A,B,test,114,8
2FHZ,A,,train,106,35
5NB4,I,A,train,164,0
3MRE,A,B,test,274,43
3QL9,A,C,train,125,30
4PJ2,D,A,test,122,28
7KGQ,A,B,train,276,40
7FMI,B,A,train,300,8
7OYQ,A,C,val,257,20
7D5B,A,D,test,369,25
2PV2,A,,val,103,11
1N61,F,,train,286,0
5EQ0,A,B,train,55,19
8B58,B,A,train,200,11
6RJL,A,P,test,236,35
7Y8J,L,H,train,114,28
5WXH,C,A,train,60,8
1XG0,A,,val,75,23
6GSC,B,A,train,206,21
1NCA,L,,test,214,11
4RTW,C,A,train,57,17
7T89,C,A,train,62,12
5NI9,B,A,train,193,55
2ZMX,A,B,test,277,47
5L0V,A,B,train,356,30
2Y5F,A,,train,234,32
3D3B,J,A,train,87,29
8TBG,A,B,train,167,1
3AWS,A,B,test,273,45
6FG8,B,A,train,189,19
3NHE,B,A,train,76,43
3DS4,A,B,train,77,13
9I3W,L,H,train,215,51
6FG8,B,A,train,189,19
5N8E,C,A,train,121,8
8ROP,B,A,test,100,35
5NB4,M,A,train,183,35
7DY4,G,A,train,141,5
7JOD,E,I,val,223,37
8S2M,A,B,train,132,41
1HBN,E,,train,442,55
3F9X,C,A,train,160,11
5AF9,H,I,val,250,17
7BI3,A,P,val,230,26
1WEJ,H,,test,223,59
2AOF,B,,test,99,40
1A2K,E,,val,205,0
3BUX,B,A,train,305,23
7T89,A,B,train,63,48
7JOD,E,I,val,223,37
7ZV7,A,B,train,298,21
5IQN,G,A,train,132,22
6V2O,A,B,test,276,41
7B1S,E,A,test,466,71
1FN8,A,,train,224,23
2OIZ,B,,train,361,49
5GOD,B,A,train,76,16
5SVY,A,B,train,50,20
5AFY,H,I,train,251,16
4TRP,H,L,val,203,47
1DFJ,I,,train,456,35
8Q1R,A,E,train,288,20
4Z8J,A,B,train,96,23
7NWS,A,P,train,226,25
4UD9,H,I,train,255,16
4W8H,A,D,train,127,8
5R48,B,A,train,131,14
6V2P,B,A,train,100,36
4LLD,A,B,train,99,28
5UD9,H,L,test,227,54
3P73,A,B,train,275,50
9ERB,S,L,test,268,102
2H5D,A,,train,198,29
7W4Z,B,A,val,154,50
2PV2,D,,val,103,0
6TKK,A,B,val,158,13
1R0R,E,,val,274,27
6M9F,A,B,test,368,26
6DUB,B,A,train,218,18
9N89,H,L,train,215,44
5NB4,C,A,train,164,0
6FUD,B,A,train,81,31
8AVR,A,B,train,51,0
2G5L,B,,train,105,51
3X20,B,A,train,212,93
8AVT,B,C,val,51,7
6OSH,K,L,train,81,17
8W6X,S,L,train,266,103
4CBU,G,A,test,125,38
4HRR,B,A,train,151,25
1PPE,E,,train,223,27
7S5H,B,A,test,230,44
2Y5F,L,,train,54,24
4RTZ,A,B,train,61,13
2WFJ,A,,train,172,14
6YHG,H,L,train,253,43
6ZEG,D,A,train,65,0
5NB4,V,A,train,183,0
7NXW,A,P,val,224,25
5N8J,C,A,train,120,49
7O34,A,P,test,226,22
5Z0H,B,A,train,72,21
3BOM,A,B,train,142,23
3MHR,A,P,val,235,29
7COH,U,A,train,75,0
7UZO,A,B,val,101,28
2ZWE,B,A,train,77,24
6DUB,A,B,train,222,17
4LN2,A,B,train,66,16
5NB4,L,A,train,164,0
9R2Z,B,A,test,78,21
8BZ9,A,B,val,236,21
7OQM,B,A,train,255,55
5R44,B,A,train,131,14
3D25,B,A,train,98,32
8DZV,A,C,train,235,28
5N8E,C,A,train,121,8
1OBX,A,,train,74,13
3P95,A,E,test,224,35
1N62,D,,test,159,0
1NCA,H,,test,221,14
7OYN,A,B,train,257,18
7ADY,F,A,train,111,0
1MJU,H,,train,211,57
8SVI,B,A,train,78,23
5GJH,A,B,train,97,15
1XF6,C,,train,172,57
3DS4,A,B,train,77,13
7OJU,A,H,val,214,44
5D7F,A,B,test,91,35
6I4E,G,A,val,122,31
3O2R,A,B,test,144,28
2Y5H,A,,train,234,30
1NH0,B,,val,99,41
6R4Z,A,B,train,198,22
7KWV,A,B,train,268,42
8EHE,B,A,val,124,43
3S43,B,A,train,99,43
5R4B,B,A,train,131,16
3AWT,A,B,train,278,45
7OQN,A,B,train,254,54
8BRS,A,B,val,195,134
6D3Y,A,C,val,245,27
6QTO,A,B,train,313,29
3P73,A,B,train,275,50
2FHZ,B,,train,93,33
5Z0D,A,B,train,276,44
5KXH,A,B,test,350,36
4K12,B,A,train,82,14
5N7X,H,A,train,122,13
5Z0I,B,A,train,73,20
5A0R,B,A,train,192,24
7NXT,A,P,train,224,26
5VI6,A,B,train,353,22
7COH,H,A,train,75,8
5IQN,G,A,train,132,22
7KWV,A,B,train,268,42
6UAI,S,B,train,266,25
9KHC,A,B,train,248,14
9QD6,A,B,train,396,119
4EJD,B,A,test,99,37
6OSH,K,L,train,81,17
9GRJ,A,M,train,100,12
8E2Z,A,B,train,269,42
8CZF,A,B,train,161,39
6V2P,A,B,train,276,39
8BFT,A,B,train,321,20
6FUD,B,A,train,81,31
7B9R,A,B,train,236,16
4NDO,B,A,train,268,57
4UQL,B,A,train,264,0
4WIH,A,B,train,350,35
2UUY,B,,train,52,15
6PQK,A,C,train,108,0
1MQK,L,,train,109,24
7ADR,B,A,test,465,86
6YZH,A,D,train,344,17
2ZFD,B,A,test,116,35
1N61,C,,train,287,34
6E4D,A,F,train,510,27
6Y18,A,B,test,235,27
6NE2,A,B,train,119,21
8JLY,A,B,train,110,26
5JSH,A,B,train,283,93
3X25,A,B,train,195,87
8OW6,A,B,train,148,37
5GJI,A,B,train,107,25
8EC5,A,B,train,257,39
6RD2,A,B,train,110,15
5UUL,A,B,train,152,31
6VNT,A,B,train,268,45
9D5V,B,A,test,228,105
1FY4,A,,train,224,23
4Z8J,A,B,train,96,23
9FYS,M,C,val,120,0
9GZ0,A,B,test,393,121
4HI8,B,A,train,72,26
5AFY,H,I,train,251,16
7B1S,B,A,test,466,42
6F4T,A,B,train,234,21
5NQ0,A,B,train,275,42
5M2O,B,A,train,74,21
1HE1,A,,test,135,4
7A2W,A,B,train,61,15
2G58,A,,train,121,16
4DJC,A,B,test,151,23
3SGB,E,,train,185,25
7ADY,E,A,train,466,40
7COH,R,A,train,102,0
4EE6,B,A,train,282,20
3AYZ,D,A,train,267,29
5NNF,A,,train,126,20
7NSV,A,P,test,224,21
3WDD,A,B,train,147,16
9R2Z,A,B,test,79,20
5N8E,B,A,train,122,5
7COH,A,B,train,512,96
4HVV,A,B,train,56,16
8JJV,A,B,train,110,27
5N8B,B,A,train,120,8
1M1N,A,,train,477,126
1JTG,B,,train,165,34
2OIZ,B,,train,361,49
9QNL,A,B,train,236,23
8DA5,A,C,train,57,0
2ZPB,B,A,train,211,95
7D5B,D,A,test,112,26
2I0T,H,,train,121,0
5OAV,C,A,val,57,0
5OB1,A,B,train,57,16
3AYX,D,A,train,267,29
1CSE,E,,val,274,31
1UBH,S,,val,267,93
1DFJ,E,,train,124,30
5Z0D,A,B,train,276,44
8S2M,B,A,train,128,39
1N63,D,,train,158,0
2AGI,X,,val,223,20
9FZK,A,B,train,131,52
2IUR,H,,val,121,36
6OSV,L,K,val,111,20
1M1N,C,,train,477,0
1WEJ,H,,test,223,59
5XHZ,A,B,train,60,8
2PV2,A,,val,103,11
1A3N,B,,train,145,24
4RTW,A,B,train,57,14
6EH5,A,B,train,202,56
5OB0,A,,train,57,16
6SWT,B,,val,88,18
5N89,O,A,train,120,0
2ZWE,A,B,train,276,45
6PQK,B,A,train,90,12
5Z0F,B,A,train,77,24
5NJ9,B,A,test,443,78
7M10,A,B,test,68,17
9MEF,B,A,test,100,32
8DAC,B,A,train,56,14
7R5I,C,A,train,148,33
5N89,K,A,train,119,2
6V4G,A,,train,90,21
1HBN,B,,train,442,38
7ADY,F,A,train,111,0
4KU0,A,B,train,92,87
7DY4,D,A,train,146,19
1UBJ,S,,val,267,93
2IFQ,B,,test,105,15
3A9J,B,A,train,77,5
5OAV,C,A,val,57,0
1JTG,B,,train,165,34
1D4T,A,,train,104,28
6UAI,S,B,train,266,25
9EIK,A,B,train,100,32
4YEC,A,B,train,126,55
2FCW,A,,test,106,19
5BXO,B,A,train,163,21
9LH0,B,A,train,74,28
9F6S,A,,train,84,14
5NB4,F,A,train,164,17
5V3N,A,B,test,109,50
6GY5,A,U,train,285,21
1TK4,A,,test,121,17
6L0V,A,B,val,61,17
2AH1,A,,train,359,31
2UUY,B,,train,52,15
6WX3,A,B,train,268,44
1MAH,F,,train,61,21
8SVG,B,A,val,74,24
6YOW,A,P,train,231,24
7DY4,D,A,train,146,19
6YPQ,A,B,train,164,45
3D32,A,B,train,118,9
8DA8,A,B,train,57,17
1P2J,A,,train,220,25
3AYZ,B,A,train,273,95
8BZ0,A,B,val,236,21
2I25,L,,train,129,25
7SAK,A,B,train,225,25
3RM1,A,B,train,89,15
3QX5,H,L,test,251,32
8APS,A,B,test,236,18
7BNT,A,B,train,71,17
7COH,E,A,train,102,0
1GDN,A,,train,224,24
6PQK,C,A,train,108,0
6HMU,A,B,train,236,16
5NB4,H,A,train,164,0
3LW1,A,P,train,234,25
4U9H,S,L,train,265,100
7UXM,C,A,val,163,12
5R4D,B,A,val,131,19
1OEX,A,,train,328,36
5A4F,T,L,train,264,29
3MRE,B,A,test,100,32
7AGE,B,A,train,339,0
1XF6,C,,train,172,57
5M2O,A,B,train,137,29
5N8B,D,A,train,125,49
9DNQ,B,A,train,75,15
9I24,L,H,train,52,20
7DY4,F,A,train,146,0
9EIK,A,B,train,100,32
5IMK,B,,train,125,19
6Q0N,B,A,val,93,13
7RNS,A,B,train,110,23
5CVD,B,A,train,226,9
3D25,B,A,train,98,32
3S43,A,B,train,99,40
9QNH,A,P,train,236,24
1UDI,E,,train,227,27
4JJ7,A,B,train,241,20
5NB4,S,A,train,183,0
2I25,O,,train,117,15
1P2J,A,,train,220,25
9D6K,B,A,train,228,106
6NSV,B,A,train,130,20
4U2W,A,B,train,223,26
1MRO,B,,train,442,42
1N62,F,,test,286,0
2UUJ,B,,test,252,31
2HAL,A,,val,212,22
6Y26,A,B,train,276,50
6RUC,A,B,train,283,86
6G0R,A,C,val,127,18
1UBK,S,,test,267,92
3R0L,D,A,test,122,15
5A4I,T,L,train,264,29
9YY0,L,H,val,211,54
6GAL,T,S,train,266,23
3UF7,A,B,test,223,15
2G2S,A,,train,64,52
5N8B,G,A,train,121,5
5N7X,M,A,train,121,0
4HPK,B,A,train,113,19
5N8A,A,X,train,121,15
6XY5,A,B,train,235,30
2IUR,A,,val,360,23
6ZEG,A,C,train,311,84
7B9T,A,B,train,236,17
5OB1,A,B,train,57,16
8A15,B,A,test,150,69
9ERC,S,L,val,268,91
5OL4,B,A,train,122,5
7AQZ,B,A,train,361,123
2V89,B,,train,74,12
8BXI,A,B,test,236,20
6FEA,A,B,test,461,83
2H8F,D,,train,146,16
5FFV,B,A,train,108,18
7T89,C,A,train,62,12
6JWM,A,B,val,203,13
4FLG,B,A,train,101,44
2ZWE,B,A,train,77,24
4JOF,A,B,train,87,19
6Q01,B,A,test,76,2
5LZH,B,A,train,101,30
8ROP,A,C,test,276,38
3F9X,A,B,train,160,12
3BUX,D,A,train,305,0
6V2P,B,,train,100,36
9FC2,B,A,train,120,28
4ONL,A,B,test,140,16
2AGY,B,,train,361,51
2PTC,E,,train,223,26
9I3W,L,H,train,215,51
1MJU,L,,train,219,59
5Z0K,A,B,train,276,39
4UP0,A,F,train,85,18
1N60,C,,train,286,36
8R7T,B,A,test,199,11
2PV2,D,,val,103,0
4DJC,A,B,test,151,23
7Z76,C,A,train,143,6
3M2R,F,A,test,246,26
5IQO,C,A,train,132,20
8SPL,A,B,val,279,24
4LMS,C,A,train,68,27
6OSV,H,L,val,119,25
1P2J,I,,train,56,17
1CSE,I,,val,63,15
7R5I,C,A,train,148,33
8SRV,B,A,train,313,61
1HE1,B,,test,135,7
4ONL,B,A,test,149,17
7WJ2,B,A,val,100,31
9KHC,C,A,train,248,9
5N89,A,B,train,121,7
3WA4,A,B,val,96,14
7RPU,A,B,train,210,55
6L8G,B,A,test,87,40
5N7X,K,A,train,122,9
7TGF,B,A,train,129,27
4PJ2,B,A,test,123,28
5NB4,N,A,train,183,0
4CJ0,B,A,test,60,17
5V3N,A,B,test,109,50
4RTW,C,A,train,57,17
8ALX,A,B,train,115,20
7W0Q,A,B,train,173,20
1WUI,S,,train,267,93
9DNQ,B,A,train,75,15
4NMP,A,,train,87,14
6FPO,T,S,train,264,20
8G4K,B,A,train,111,24
4ERY,A,D,train,304,26
6FU9,A,B,train,79,25
4CBU,A,G,test,357,30
6FU9,C,A,train,79,6
3TVJ,B,A,val,242,23
2WFJ,A,,train,172,14
6OSH,L,K,train,113,17
8TBG,C,A,train,165,16
8B2R,A,B,train,78,24
1XG0,B,,val,67,24
6YB6,H,L,train,250,38
3AWS,A,B,test,273,45
3BWA,B,A,train,100,32
5R49,C,A,train,97,7
8E2Z,A,B,train,269,42
2W72,A,,train,141,23
5YRH,A,B,val,142,19
5N8J,B,A,train,120,12
5G0R,E,A,val,442,58
4NDO,A,B,train,245,64
9FYS,B,C,val,133,25
9FYS,X,C,val,72,5
1N62,A,,test,161,59
8VLF,A,B,train,53,13
8DA5,C,A,train,55,0
8GV2,A,B,train,218,44
6BSC,A,B,train,57,38
5NB4,R,A,train,183,0
8R7S,A,B,train,200,13
5Z0E,B,A,val,73,23
2AOF,A,,test,99,40
7BAB,A,B,test,236,18
4NMP,B,A,train,87,13
3VQG,A,B,train,85,15
8GKO,C,A,train,282,46
8BRT,A,B,train,195,131
6M9F,A,B,test,368,26
4XOJ,A,B,train,223,26
9I41,H,L,train,228,54
5ADU,T,L,test,264,30
8GV1,B,A,val,212,47
5ONP,A,B,train,316,19
5FFV,A,B,train,111,21
8VLF,A,B,train,53,13
6FEA,F,A,test,111,0
1WXC,B,,train,72,21
2XQQ,B,,train,89,7
5R46,C,A,train,95,5
2WLV,A,,train,144,21
1FY4,A,,train,224,23
6FAU,C,A,train,229,9
5NB4,K,A,train,164,0
2DN1,A,,val,140,25
5Z0K,B,A,train,73,22
7BIQ,A,P,train,230,26
5BXO,B,A,train,163,21
6PQK,C,A,train,108,0
7ADY,B,A,train,465,86
1MRO,F,,train,247,27
6OSH,H,L,train,114,30
2XTS,A,,train,389,118
5N89,F,A,train,122,11
5N7X,O,A,train,122,4
8R7U,B,A,test,199,13
4Y11,E,I,train,223,29
1NCW,L,,train,219,64
5R48,B,,train,131,14
6ZEG,C,A,train,66,52
9YY0,L,H,val,211,54
3WGX,A,B,train,109,10
3FE7,A,L,train,83,19
4ZHB,A,B,test,102,11
7T0H,L,H,train,219,53
5N9C,B,A,train,110,16
5CTV,A,C,train,176,24
5A0Y,F,A,test,248,30
7CIO,A,B,train,109,19
6TNQ,A,,train,67,22
6DDM,B,A,train,216,45
2WNV,B,,train,132,29
6MT6,C,A,val,99,35
9DNO,A,B,train,77,8
7A5M,A,B,train,112,15
6ZEG,A,C,train,311,84
4HM8,B,A,val,192,45
8VTD,B,A,train,221,53
5DC8,A,B,train,363,32
7OYR,A,C,test,257,9
7EK6,A,B,train,50,23
1WDD,E,,train,463,122
2PV2,C,,val,103,5
6QTQ,A,B,train,300,20
3D9A,L,C,train,213,15
5N7X,B,A,train,121,0
2W72,A,,train,141,23
6FAU,A,B,train,229,30
7DY4,C,A,train,141,10
6HER,A,B,train,103,19
6J2U,A,B,train,72,23
5R4C,C,A,train,95,4
4JOJ,B,A,test,87,17
6QTV,A,B,train,304,27
4HRR,F,A,train,151,0
6WX3,A,B,train,268,44
2XTS,D,,train,204,23
2I25,M,,train,129,9
6FUB,B,A,train,93,30
2H8F,A,,train,142,23
7W50,B,A,test,154,50
7D5B,A,D,test,369,25
5R46,C,A,train,95,5
1FC2,D,,val,207,17
4W8H,A,D,train,127,8
2XQQ,A,,train,87,9
8TBK,A,B,train,170,2
7OQF,A,B,train,254,54
7RSW,B,A,train,125,7
6L0V,G,A,val,60,8
9GZL,A,B,train,394,121
4NMP,B,A,train,87,13
8FXQ,A,B,train,324,29
6VJU,B,A,train,317,51
9GZL,B,A,train,88,71
8DA3,B,A,val,50,18
1PQ8,A,,test,225,25
5Z0L,A,B,train,276,40
6OC7,H,L,train,219,45
9MUX,A,D,test,77,17
6SLG,A,B,train,332,6
3DNJ,A,B,val,80,17
1QA9,D,,train,95,0
5R4A,B,A,test,131,16
6FUB,B,,train,93,30
7OYQ,A,C,val,257,20
1A3N,A,,train,141,23
6RL3,A,P,train,230,29
5R0D,B,A,train,300,8
2HRK,B,,train,121,20
4WES,B,A,val,458,82
7NVI,A,P,train,227,25
9GVH,B,A,train,74,29
1YPH,D,,train,131,0
7NXT,A,P,train,224,26
1MRO,E,,train,442,60
6VNT,B,A,train,395,39
5QZ6,A,B,val,237,9
6ZEH,A,C,train,304,78
6OC7,H,L,train,219,45
8BD1,A,B,train,127,32
5AUL,A,B,train,108,21
2ZFD,A,B,test,183,43
2DRM,C,,train,58,12
4YEC,B,A,train,228,63
5D7F,B,A,test,91,35
7WZZ,A,B,train,277,40
5IMK,A,B,train,118,25
6G7R,T,S,train,263,21
2AOF,B,,test,99,40
9HUB,B,C,val,133,26
7OQF,A,B,train,254,54
3AYZ,D,A,train,267,29
7NFB,B,A,train,244,47
7W0Q,A,B,train,173,20
6RUC,B,A,train,481,99
9EZU,B,A,val,128,20
3BOG,B,A,train,80,0
7NQP,A,P,train,226,26
4HT3,B,A,train,393,39
1HE1,A,,test,135,4
8SOV,A,B,train,279,31
2BMO,A,,train,437,53
7LKL,A,B,train,269,43
4CJ0,B,A,test,60,17
7UXM,A,B,val,166,8
5XVE,B,A,train,76,40
8BJ8,B,A,train,88,71
1YMT,A,,test,235,14
5Y34,D,A,train,267,30
6NI9,A,B,train,227,71
6TNQ,A,B,train,67,22
6Q0M,B,A,val,94,19
8DA8,A,B,train,57,17
7WZZ,A,B,train,277,40
4TXR,A,B,test,159,23
6FEA,B,A,test,464,88
2IUR,H,,val,121,36
6AT0,A,P,train,52,18
4HRR,A,B,train,149,28
8TBK,B,A,train,170,1
2ZWG,B,A,train,71,20
1TJ9,A,,val,121,19
9H8H,D,A,val,219,42
2V8F,B,,train,138,8
4J47,A,B,train,83,13
8TK9,B,A,train,56,24
7TGF,A,B,train,259,31
6TBX,A,B,train,249,14
2H8F,C,,train,142,9
7RPU,B,A,train,218,57
3IQV,A,P,train,235,21
6Z8J,A,B,test,279,87
3UF7,A,B,test,223,15
1UBU,S,,train,267,94
6F4R,A,B,val,234,22
4KU0,C,A,train,92,87
4O36,B,A,train,101,21
3TVJ,A,,val,83,17
1MQK,H,,train,123,22
4HRR,C,A,train,149,0
6G7R,S,L,train,263,107
7AGE,D,A,train,339,0
5NJ9,B,A,test,443,78
1A2K,C,,val,196,2
2Y5H,L,,train,54,26
1WUH,S,,train,267,93
6XTR,A,C,train,303,34
3AWX,B,A,train,72,23
3WVD,A,B,train,194,86
2Y5G,L,,test,54,25
1Z0J,B,,train,51,16
8DAB,B,A,train,52,18
9GG7,A,B,train,234,25
3MRG,B,A,train,100,33
2DKO,A,,train,146,55
1TJK,A,,train,121,14
7A2Z,A,B,val,59,15
8B2F,B,A,train,74,4
5XCT,A,B,train,167,67
4PZ3,B,A,train,151,28
6BRA,A,B,train,99,41
6EH5,B,A,train,244,64
7OQM,A,B,train,254,54
6T1Q,A,B,test,172,22
3SGB,I,,train,50,16
5R4C,C,A,train,95,4
6Y3W,A,B,test,235,23
2I25,M,,train,129,9
9D6K,A,B,train,202,92
2A50,D,,val,167,5
7W50,A,B,test,363,50
6YHG,H,L,train,253,43
2WNV,E,,train,130,0
2XRW,A,,train,349,18
1QA9,A,,train,102,16
7AGE,F,A,train,339,0
1WXC,A,,train,273,37
6NSV,B,A,train,130,20
5QZ6,B,A,val,300,8
1M1N,E,,train,477,0
2H8F,D,,train,146,16
6I4D,A,G,train,351,31
4EJD,A,B,test,99,41
1P7V,A,,train,279,29
3D32,B,A,train,116,7
5DC8,B,A,train,363,34
6BHD,A,B,train,217,31
6I4E,A,G,val,351,31
6FEA,E,A,test,464,40
4LMS,A,B,train,80,61
6ZEG,D,A,train,65,0
1E6E,C,,train,456,38
2DN1,A,,val,140,25
7DA0,C,B,train,74,46
7JRF,A,B,train,477,124
4HRR,G,A,train,149,0
8DA7,A,B,train,54,16
1N63,A,,train,160,57
1NCW,L,,train,219,64
4JOK,B,A,train,87,15
2JE4,A,,val,96,38
7OKG,A,B,train,125,7
1FC2,D,,val,207,17
4PJ2,C,A,test,122,8
8B58,A,B,train,199,12
5LS7,B,A,train,128,2
3RM2,H,L,train,251,34
4OB0,B,A,train,228,109
3HFL,L,,train,212,43
2DN3,B,,train,146,28
4KU0,D,A,train,96,9
5NB4,E,A,train,164,0
7BI3,A,P,val,230,26
4JOR,A,B,train,87,11
6L0V,C,A,val,61,0
3M32,B,A,train,442,39
8QF4,A,E,train,67,25
3D25,A,B,train,274,37
5NB4,V,A,train,183,0
2I0T,B,,train,361,45
9FYS,Z,C,val,74,6
3HFL,L,,train,212,43
2IFQ,A,,test,104,12
3SPV,B,A,val,99,32
9EZU,B,A,val,128,20
4U1M,B,A,train,100,32
4J9F,E,A,test,60,11
9DNQ,A,C,train,75,14
5IQO,C,A,train,132,20
5AHG,H,I,test,251,16
8JUG,A,C,test,162,23
5XCO,A,B,train,170,18
9KHC,A,B,train,248,14
5NB4,B,A,train,164,0
6VI2,B,A,train,231,65
7T89,B,A,train,174,63
5LMM,T,S,train,264,21
7ADR,C,A,test,113,40
4U1M,A,B,train,277,47
3X24,A,B,train,195,88
7OKL,A,B,val,125,6
3R0L,D,A,test,122,15
4ONL,B,A,test,149,17
2BTF,P,,train,139,23
1GDQ,A,,train,224,27
6EAU,A,I,train,223,34
6NE2,B,A,train,193,34
6GG7,A,B,train,338,37
3X20,A,B,train,195,87
6VI2,C,A,train,215,4
8CZH,A,B,test,157,33
9FYS,Z,C,val,74,6
3POT,B,A,train,442,38
8TBG,D,A,train,164,13
3F1P,A,B,test,114,27
6SBA,A,B,train,211,17
1C1D,A,,train,350,0
8HLO,A,C,train,67,18
4K12,B,A,train,82,14
7AIZ,D,A,val,473,0
4KTU,A,B,train,223,30
5DC8,A,B,train,363,32
4HGC,A,I,train,223,28
5JRD,T,S,test,264,19
3OT1,A,B,train,194,35
6MT3,C,A,val,100,37
7O07,A,P,train,234,34
5A0E,B,A,train,164,15
8IC9,D,A,train,76,0
1LZ1,A,,train,130,0
5EMA,A,B,train,96,21
7NXS,A,P,val,226,24
6ZEH,B,A,train,308,16
9GZL,A,B,train,394,121
3X24,A,B,train,195,88
6EH5,A,B,train,202,56
4L7X,A,U,train,58,22
1YPH,D,,train,131,0
3X25,B,A,train,212,94
4ZKO,U,P,train,247,20
4HT3,B,A,train,393,39
7BNT,B,A,train,75,14
5Z0G,A,B,train,276,41
7LPF,B,A,train,393,38
6J2U,A,B,train,72,23
7OQK,B,A,train,255,55
4J9F,E,A,test,60,11
6SQP,B,A,train,68,33
3BOM,B,A,train,147,25
5Z0F,B,A,train,77,24
9D5V,A,B,test,203,91
6FU9,B,A,train,84,30
5JSY,B,A,val,482,100
5Z0D,B,A,train,80,27
2F69,A,,val,244,29
6MT6,C,A,val,99,35
7OYM,A,B,train,257,21
1E6E,D,,train,106,0
5FPK,A,C,test,227,18
8E2Z,B,A,train,100,33
1UBU,S,,train,267,94
5N8B,G,A,train,121,5
9G6Q,H,L,train,120,24
5NB4,J,A,train,164,0
5H5R,A,B,train,168,22
1N61,A,,train,161,57
6YPQ,B,A,train,172,42
8SVH,A,B,train,119,19
7E0B,A,,train,96,16
4QLP,B,A,train,199,57
2DN2,B,,train,146,23
3POT,E,A,train,442,56
7BNT,A,B,train,71,17
1XF6,B,,train,67,28
3L0F,A,B,train,162,13
5OL4,A,B,train,99,6
5N8J,D,A,train,120,7
9I3W,H,L,train,234,49
4WX4,A,C,test,201,29
1JTG,D,,train,165,0
7AQZ,C,A,train,124,4
8B2R,B,A,train,86,33
4UEH,H,I,train,252,16
2ZWD,A,B,val,273,44
9D6K,B,A,train,228,106
7DY4,B,A,train,146,24
7DY4,E,A,train,141,0
3A8G,B,A,train,212,92
5LMM,S,L,train,264,94
4FL8,B,A,train,99,39
8RS8,A,B,val,210,14
3M32,E,A,train,442,55
6Z1V,A,B,train,80,16
2H8F,A,,train,142,23
6HIP,A,B,train,104,13
2JKH,L,,train,54,26
8GKO,C,A,train,282,46
2XTS,B,,train,204,92
1GVX,A,,train,328,27
3K05,A,B,train,193,18
7R7W,B,A,train,100,33
1MEX,L,,train,213,48
1N61,A,,train,161,57
8E2Z,B,A,train,100,33
3RO3,A,B,test,159,30
5INB,A,B,train,293,38
1QTN,A,,val,152,63
8VTD,A,B,train,214,49
8TBK,A,B,train,170,2
6GSC,A,B,train,205,21
7COH,I,A,train,70,5
4DFX,E,I,test,347,36
5T5L,a,,train,229,27
9N9N,B,A,test,169,11
7NXY,A,P,test,226,23
5ELQ,A,P,val,94,22
5A4I,S,L,train,264,104
6FBB,A,P,train,232,20
3OT1,A,B,train,194,35
5A4F,S,L,train,264,106
7W51,A,B,test,361,48
4HI9,B,A,test,72,25
7S6O,A,B,train,73,14
3D1K,A,B,train,142,22
6FUB,A,B,train,81,26
2SIC,E,,train,275,31
5XHZ,B,A,train,59,9
2A50,C,,val,59,0
1K5N,B,,train,100,32
6Z1V,B,A,train,123,20
7BNT,C,A,train,84,3
5OAV,A,B,val,57,12
1K5N,A,,train,276,51
9GZ4,B,A,val,88,70
7NSV,A,P,test,224,21
8BP4,A,B,test,93,0
6FEA,C,A,test,113,41
8VLF,B,A,train,53,12
5R43,B,A,train,131,18
5EMA,A,B,train,96,21
5NNF,A,B,train,126,20
1LKK,A,,train,105,22
8IM0,B,A,train,124,19
5Z0G,B,A,train,72,20
4JOF,B,A,train,87,14
9FZK,A,B,train,131,52
6MYE,A,B,train,93,21
3QL9,A,C,train,125,30
7G83,A,B,train,179,32
6TJT,A,B,train,159,12
6TS3,B,A,train,70,8
5TEG,A,B,test,160,10
5NI3,B,A,train,228,11
4QYO,B,A,train,111,20
5IQO,A,B,train,132,44
1CGI,E,,test,245,33
6HOI,B,A,train,117,13
5N7X,H,A,train,122,13
6Z8J,C,A,test,279,0
1GVU,A,,train,328,28
7COH,F,A,train,91,33
5NNG,A,B,train,127,11
5T5L,A,B,train,229,27
3MRE,B,A,test,100,32
1SQZ,A,,train,121,7
5R4C,B,A,train,131,14
6G8K,A,P,val,236,19
6V4G,A,B,train,90,21
5AHG,H,I,test,251,16
5R45,C,A,train,97,5
5SVY,A,B,train,50,20
1UBK,S,,test,267,92
3O2R,C,A,test,144,0
2XTS,C,,train,389,100
5N89,M,A,train,122,0
3U23,A,,train,56,20
2XT1,A,,test,86,18
9ERC,T,S,val,267,22
1YMT,A,,test,235,14
6TNQ,C,A,train,75,21
4Z2O,A,P,train,127,22
5CVD,B,A,train,226,9
4JOE,A,B,train,87,15
3VQG,A,B,train,85,15
4LMS,A,B,train,80,61
1XF6,D,,train,176,27
6AT0,A,,train,52,18
4JOR,A,B,train,87,11
3WGX,B,A,train,112,9
7NXW,A,P,val,224,25
6L0V,E,A,val,60,0
6SQP,D,A,train,68,0
4K8Y,A,B,val,223,29
7OYN,A,B,train,257,18
4A7G,A,F,train,153,21
4G9S,B,A,test,111,37
6EH4,E,D,train,244,61
6HMT,A,B,train,236,18
2XQQ,D,,train,85,0
6DDM,B,A,train,216,45
7W4Z,A,B,val,362,46
5VI6,A,B,train,353,22
6QHL,A,P,train,236,31
7JOD,I,E,val,166,23
6BSC,A,B,train,57,38
4Y0Y,I,E,train,58,17
7AIZ,A,B,val,473,85
6Y26,B,A,train,100,36
7COH,C,A,train,258,62
6FPO,T,S,train,264,20
2OIZ,A,,train,360,34
6FAU,C,A,train,229,9
2IFQ,A,,test,104,12
4CPA,A,,train,308,19
6Y1J,A,P,train,235,26
7COH,G,A,train,72,10
6FPO,S,L,train,264,93
6RTP,B,A,val,482,100
3BOM,A,B,train,142,23
3M2R,E,A,test,442,55
5WXH,C,A,train,60,8
2FCW,A,,test,106,19
1BVN,P,,train,496,32
2WNV,D,,train,134,0
3X24,B,A,train,212,95
5QU2,B,A,train,56,14
6NI9,A,B,train,227,71
5N7X,E,A,train,122,48
3HFL,H,,train,214,37
6Z8J,B,A,test,482,98
7OKG,A,B,train,125,7
5R4B,C,A,train,97,6
6FC0,B,A,train,77,54
1WKR,A,,test,340,28
7B1S,C,A,test,265,66
8VLF,B,A,train,53,12
9GZ0,B,A,test,88,71
1N62,C,,test,286,37
1KAC,A,,test,185,15
2WNV,C,,train,129,28
3L0F,B,A,train,171,11
8SPL,A,B,val,279,24
4UE7,H,I,train,251,16
3UP3,A,P,val,242,16
8IC9,A,B,train,76,16
5CVD,A,B,train,231,10
7COH,J,A,train,56,9
7OQI,A,B,train,254,53
6RKG,B,A,train,122,5
4LP9,A,I,val,330,35
2A50,C,,val,59,0
3AWT,B,A,train,78,25
6HER,B,A,train,124,16
6RHC,A,P,train,227,28
8KDX,A,B,val,60,8
5Z0L,B,A,train,73,22
8BZ9,A,B,val,236,21
6FPO,S,L,train,264,93
4ZHB,A,B,test,102,11
7SAK,B,A,train,119,24
8RS8,C,A,val,210,0
7AQZ,D,A,train,93,22
9FYS,B,C,val,133,25
8BJ8,B,A,train,88,71
4NB3,B,A,train,122,22
4TXR,A,B,test,159,23
1A3N,B,,train,145,24
6WFY,H,L,val,228,50
5R44,C,A,train,96,4
4RTZ,A,B,train,61,13
7A2Z,A,,val,59,15
7KWV,B,A,train,395,40
3AWX,A,B,train,278,43
9DNR,A,C,train,70,12
5T5L,a,,train,229,27
3FIL,B,A,train,56,13
2OOB,B,,val,72,13
6XTS,A,C,train,303,33
4OB0,B,A,train,228,109
5R42,B,A,train,131,14
5A4F,S,L,train,264,106
5NJ9,A,B,test,480,79
4UE8,A,B,train,162,43
6Q8G,B,A,train,114,38
4QLP,A,B,train,175,63
2IUR,A,,val,360,23
8DA5,A,C,train,57,0
4X5W,A,B,train,181,66
7NFB,A,B,train,241,50
5ADU,S,L,test,263,104
7W51,A,B,test,361,48
1WDD,W,,train,121,0
5YRH,A,B,val,142,19
5LZH,A,B,train,101,32
3HHT,B,A,test,227,109
6TKL,H,L,val,251,42
6SWT,B,A,val,88,18
1A3N,C,,train,141,6
5Z0G,A,B,train,276,41
1NH0,B,,val,99,41
4F14,A,B,train,56,16
3D9A,H,C,train,210,15
7AGE,B,A,train,339,0
5N7X,O,A,train,122,4
2HRK,A,,train,177,19
6R4Z,A,B,train,198,22
7DY4,G,A,train,141,5
5Z0G,B,A,train,72,20
7COH,I,A,train,70,5
5GOD,B,A,train,76,16
5Z0E,B,A,val,73,23
7AIZ,F,A,val,111,0
2G2S,B,,train,164,66
1N60,A,,train,161,56
8GKO,A,C,train,95,32
7AZ2,A,P,train,229,23
9DNO,A,B,train,77,8
4HI8,B,A,train,72,26
8DAB,B,A,train,52,18
1K5N,B,,train,100,32
5BXO,A,B,train,160,24
8Q55,A,P,train,235,24
5ONQ,A,B,val,316,18
6QTS,A,B,train,298,21
7QOU,B,A,train,227,108
5IQN,A,B,train,132,40
4KTU,A,B,train,223,30
9IA3,A,B,train,215,55
4KTS,A,B,train,223,28
5ADU,S,L,test,263,104
5ONQ,A,B,val,316,18
3G8F,A,B,train,121,15
7UXM,B,A,val,164,9
1IRD,A,,test,141,24
3QGJ,C,A,train,198,3
3SFJ,A,B,train,103,24
4TRP,L,H,val,219,49
5INB,A,B,train,293,38
6FU9,D,A,train,87,4
3K05,B,A,train,200,9
3RM1,A,,train,89,15
6GSC,B,A,train,206,21
1N60,D,,train,158,0
5N89,H,A,train,122,0
2FHZ,B,,train,93,33
2Z6W,A,,val,164,13
9D6K,A,B,train,202,92
4B3B,A,C,val,224,18
8GV1,B,A,val,212,47
5R49,B,A,train,131,19
5CTV,A,C,train,176,24
3AYX,B,A,train,273,96
1KAC,B,,test,124,22
5R4A,B,A,test,131,16
3BOM,B,A,train,147,25
2ZMX,B,A,test,77,24
3VXE,H,L,train,257,29
2XQQ,C,,train,86,25
7JRF,A,B,train,477,124
8KDX,A,B,val,60,8
6Y29,B,A,val,100,35
5IZ3,A,B,train,316,53
2DN1,B,,val,145,26
7Z7C,A,B,train,159,24
4CPA,A,,train,308,19
8BD1,B,A,train,130,29
3NHE,A,B,train,337,69
5JSK,B,A,train,481,101
1N60,F,,train,286,0
5LZH,C,A,train,103,0
4U9I,S,L,train,265,98
1N61,F,,train,286,0
2OOB,B,,val,72,13
5XEC,C,A,val,80,33
2WNV,F,,train,129,15
6WX3,B,A,train,389,40
7ADR,F,A,test,111,0
5LMM,S,L,train,264,94
1HBN,F,,train,247,21
6V2P,A,B,train,276,39
2WNV,D,,train,134,0
8PEF,A,B,train,134,18
8TBK,D,A,train,165,15
1C1D,A,,train,350,0
6Y29,B,A,val,100,35
5XEC,A,C,val,82,50
6XTM,A,C,val,303,32
5Z0L,B,A,train,73,22
8VTD,B,A,train,221,53
4HPK,A,B,train,110,23
7OQN,B,A,train,255,55
2PV1,A,,train,103,23
5CGQ,A,B,train,268,43
1A2K,B,,val,124,39
1NH0,A,,val,99,42
4JOR,B,A,train,87,14
8OW6,A,B,train,148,37
7OQS,A,P,test,226,27
2BTF,A,,train,373,26
1P7W,A,,train,279,32
3ZE9,B,A,train,479,104
8TBK,B,A,train,170,1
6Q8G,A,E,train,114,15
4HVW,A,B,train,61,16
7OQK,B,A,train,255,55
8BP4,B,A,test,92,2
3LN4,B,A,train,99,36
5FPK,A,C,test,227,18
3O18,A,B,test,162,40
7DY4,A,B,train,141,24
4KU0,C,A,train,92,87
4JOF,B,A,train,87,14
9KHC,C,A,train,248,9
9EZU,A,B,val,118,21
2F91,A,,train,237,42
2HAL,A,,val,212,22
9HUB,M,C,val,120,0
2QDY,B,,train,211,91
2DRM,C,,train,58,12
7WJ2,B,A,val,100,31
4QYO,A,B,train,114,23
6XTS,A,C,train,303,33
7Y8J,L,H,train,114,28
1CSE,E,,val,274,31
5NB4,W,A,train,183,0
7SAK,A,B,train,225,25
7B1S,F,A,test,265,20
4PJ2,D,A,test,122,28
6V2O,B,A,test,100,34
8SVI,A,B,train,119,20
2Y5H,A,,train,234,30
4LMS,D,A,train,162,24
5LMM,T,S,train,264,21
3X26,A,B,train,195,84
1UBT,S,,train,267,95
5IMM,A,B,train,120,30
2OIZ,A,,train,360,34
8IC9,A,B,train,76,16
6Q8G,C,A,train,114,13
3O2R,D,A,test,143,3
6TKL,H,L,val,251,42
1WUI,S,,train,267,93
2DN1,B,,val,145,26
6YOO,A,B,train,118,22
7NP2,A,P,val,235,30
6FJT,H,L,val,251,40
1D4T,A,,train,104,28
1WEJ,F,,test,104,11
7COH,C,A,train,258,62
6FG8,A,B,train,188,27
4RTY,A,B,train,58,16
7RNS,A,B,train,110,23
8SVI,B,A,train,78,23
2PTC,E,,train,223,26
5OK6,B,A,train,217,20
4J44,C,A,train,76,15
3WGX,B,A,train,112,9
4X5W,B,A,train,188,61
7Z76,D,A,train,113,0
3M7U,A,B,test,198,16
4HI8,A,B,train,170,28
4UQL,A,B,train,262,0
6T1Q,B,A,test,162,25
6YPQ,A,B,train,164,45
9FZK,B,A,train,286,60
7T89,A,B,train,63,48
5TEG,B,A,test,158,18
1Z0J,A,,train,169,21
7N3H,H,L,train,214,61
1N60,D,,train,158,0
7AIZ,D,A,val,473,0
7AQZ,D,A,train,93,22
3U7Q,A,B,test,477,126
6ZEH,C,A,train,65,48
2I0T,H,,train,121,0
5R43,C,A,train,97,7
3UP3,A,P,val,242,16
8AQK,B,A,train,154,72
1UDI,I,,train,83,26
7AIZ,F,A,val,111,0
1UBO,S,,test,267,94
3D3B,J,A,train,87,29
1XVM,A,,train,224,22
6QTQ,A,B,train,300,20
1N63,F,,train,286,0
2Y5G,A,,test,234,32
5NB4,C,A,train,164,0
6PQK,D,A,train,88,20
6HOI,A,B,train,118,14
7ADY,A,B,train,473,85
1NLU,A,,train,368,20
1R0R,I,,val,51,19
4XMH,A,B,train,185,11
1TK4,A,,test,121,17
6UCF,L,H,val,213,55
7AQZ,A,B,train,358,119
1SQZ,A,,train,121,7
3M32,C,A,train,247,56
4PK3,A,B,train,188,37
3D9A,L,C,train,213,15
2XQQ,D,,train,85,0
6M8W,A,B,train,369,25
7COH,Q,A,train,137,0
7W50,B,A,test,154,50
6XXC,A,B,test,235,25
8DA8,B,A,train,53,11
5UUL,A,B,train,152,31
4NB3,A,B,train,123,13
6FBB,A,P,train,232,20
4J44,A,,train,83,13
5NI3,D,A,train,224,16
1A2K,A,,val,124,43
5NGQ,C,A,test,114,37
2ZWE,A,B,train,276,45
1RDQ,E,,train,340,36
5R04,A,B,train,237,9
3O2R,B,A,test,143,28
6II1,D,A,val,145,14
6L0V,G,A,val,60,8
5NJ9,A,B,test,480,79
3A9J,B,A,train,77,5
3VXE,H,L,train,257,29
2AH1,D,,train,109,0
1FY5,A,,train,224,23
6UYR,A,B,test,74,15
7S7J,A,B,test,84,23
1P7W,A,,train,279,32
2BVR,H,,test,251,16
6XTD,A,B,train,132,37
6BRA,A,B,train,99,41
1WUK,S,,train,267,92
4CPA,B,,train,308,12
6FUD,A,B,train,77,25
8RMO,L,F,train,211,12
3D1K,B,A,train,146,23
9QDG,B,A,test,88,72
2VH3,B,,train,110,28
6EAX,A,I,val,223,28
9HUB,C,X,val,119,3
8R7U,B,A,test,199,13
3FIL,A,B,train,55,15
4B1Y,B,M,train,364,27
2G3D,A,,val,65,51
5FFV,B,A,train,108,18
8PAY,A,H,train,370,22
5R42,C,A,train,96,5
1SKG,A,,train,121,14
2CN0,H,,train,250,14
7RG8,A,B,val,385,120
7T0H,H,L,train,215,50
8ANC,A,P,val,236,24
1QA9,C,,train,102,1
9GZ4,A,B,val,393,119
6FEA,A,B,test,461,83
5R48,C,,train,95,4
5UUK,A,B,train,152,30
5IZ3,B,A,train,315,56
5YRH,B,A,val,141,16
7T89,D,A,train,171,12
2DF6,A,,train,59,2
2AH1,D,,train,109,0
3D9A,C,L,train,129,13
5NJ9,D,A,test,442,0
6HER,A,B,train,103,19
3POT,F,A,train,246,26
6GY5,A,U,train,285,21
7AGE,A,I,train,339,29
6ZEG,B,A,train,308,14
8IM0,A,B,train,214,27
2OIZ,H,,train,121,0
8TXF,A,B,train,295,48
3O2R,D,A,test,143,3
6L0V,E,A,val,60,0
7Z76,A,B,train,104,30
4KTS,A,B,train,223,28
3WDD,A,B,train,147,16
6R2W,T,L,train,210,49
8SVG,A,B,val,119,17
5ADU,T,L,test,264,30
1MEX,H,,train,211,47
1UDI,I,,train,83,26
3SI4,H,L,val,251,33
1TG1,A,,train,121,18
7ODH,S,L,train,264,97
8FXQ,B,A,train,329,26
1WDD,W,,train,121,0
1ATN,D,,train,258,24
9QD6,B,A,train,88,70
7BAA,A,B,test,236,17
3SV2,H,L,val,251,30
6VI2,C,A,train,215,4
7BA8,A,B,train,236,18
1HE1,C,,test,176,26
5ELQ,A,P,val,94,22
1M1N,G,,train,477,0
3ROF,A,B,train,158,22
4A7G,F,A,train,153,22
2IFQ,B,,test,105,15
6EH4,D,E,train,204,63
6RTP,B,A,val,482,100
5Y34,B,A,train,273,100
5N8E,D,A,train,120,45
9QDD,B,A,train,88,74
8A15,B,A,test,150,69
5QU2,B,A,train,56,14
4WX4,A,C,test,201,29
7COH,T,A,train,72,7
3F9X,B,A,train,160,14
8BRT,A,B,train,195,131
8R0Z,A,P,train,234,32
6TNQ,E,A,train,67,11
3OT1,B,A,train,189,34
5UUK,A,B,train,152,30
7DY4,H,A,train,146,1
5NB4,R,A,train,183,0
4J44,C,A,train,76,15
2ZWG,A,B,train,276,43
6VNT,B,A,train,395,39
6GG7,A,B,train,338,37
7UXM,A,B,val,166,8
2PIE,A,,train,132,15
2JKH,L,,train,54,26
5NB4,I,A,train,164,0
1WDD,A,,train,464,52
6M8Y,A,B,train,369,23
8OW6,B,A,train,148,38
2AGG,X,,test,223,20
9MEF,B,,test,100,32
9GG7,B,A,train,236,27
3X20,A,B,train,195,87
1SKG,A,,train,121,14
3WVD,A,B,train,194,86
4UDW,H,I,val,251,17
5M2O,A,B,train,137,29
2G5L,A,,train,121,46
1GVU,A,,train,328,28
6MT3,A,B,val,276,34
4WES,D,A,val,458,30
7DA0,C,B,train,74,46
1A3N,C,,train,141,6
6T56,H,L,train,250,43
6TS3,A,,train,73,10
2ZPB,B,A,train,211,95
5N8W,B,A,train,121,51
9FC2,A,B,train,195,32
9QNJ,A,P,test,236,21
7H2R,B,A,val,156,65
8W6X,S,L,train,266,103
7PH1,I,E,train,56,17
4QYO,A,B,train,114,23
7NXS,A,P,val,226,24
2FCW,B,,test,78,21
6Q8G,D,A,train,114,8
3BZY,B,A,train,83,37
6PQK,A,C,train,108,0
4HVU,A,B,train,57,15
7COH,V,A,train,70,0
8IC9,D,A,train,76,0
1A2K,A,,val,124,43
6F4R,A,B,val,234,22
2Y5H,L,,train,54,26
5Z0F,A,B,train,279,39
4NZU,L,H,val,211,57
9YY0,H,L,val,209,53
9N89,L,H,train,212,46
7QQY,A,B,train,216,24
4J9C,A,B,train,58,17
8TBG,D,A,train,164,13
6TKK,A,B,val,158,13
8BD1,A,B,train,127,32
2H8F,B,,train,146,21
8JLY,A,B,train,110,26
8B0Z,A,B,train,131,15
1E6E,D,,train,106,0
6VI2,A,B,train,215,66
3ZE9,A,B,train,278,85
5NB4,X,A,train,183,0
6FEA,F,A,test,111,0
7AIZ,C,A,val,112,41
5N89,B,A,train,122,6
5N7X,M,A,train,121,0
1M1N,C,,train,477,0
7AIZ,E,A,val,465,40
5UD9,L,H,test,205,53
8B0Z,B,A,train,130,16
2Z6W,B,,val,164,15
7O07,A,P,train,234,34
2XTS,D,,train,204,23
2G3D,A,,val,65,51
1OAI,A,,train,59,15
9DNO,B,A,train,71,6
2AOF,A,,test,99,40
6O21,A,B,test,220,29
6QTV,A,B,train,304,27
2UUF,B,,train,252,29
3M2R,B,A,test,442,39
5JSY,A,B,val,283,91
5QU2,A,B,train,56,10
7ADR,E,A,test,466,40
5XHZ,A,B,train,60,8
7ADY,C,A,train,113,38
8RS8,D,A,val,210,10
4HVU,A,B,train,57,15
6TNQ,C,A,train,75,21
6Y2A,B,A,train,100,34
8TK9,B,A,train,56,24
3U7Q,A,B,test,477,126
9TES,A,B,val,350,28
4J44,A,B,train,83,13
2UUF,B,,train,252,29
6FR4,B,A,val,244,65
7R7W,A,B,train,276,41
5OK6,A,B,train,219,29
6Q00,A,B,train,76,17
7TGF,A,B,train,259,31
3O2R,A,B,test,144,28
4XO9,A,B,test,279,46
7COH,O,A,train,226,0
6Z8M,B,A,train,482,99
3O18,A,B,test,162,40
1UBO,S,,test,267,94
4HM8,B,A,val,192,45
5R04,B,A,train,300,8
4UQL,A,B,train,262,0
1MFG,A,,train,95,19
3SOV,A,Z,train,306,16
1N63,A,,train,160,57
9G6Q,L,H,train,113,31
5A0E,A,B,train,165,11
8BJ7,A,B,train,395,117
3M2R,C,A,test,246,53
6Y18,A,B,test,235,27
8BP4,B,A,test,92,2
7PH1,I,E,train,56,17
4J9F,C,A,test,57,2
5N7X,A,B,train,122,0
6FUB,A,B,train,81,26
2ZWD,B,A,val,73,23
3X25,A,B,train,195,87
8QF4,E,A,train,127,27
5NB4,O,A,train,183,19
3AWW,A,B,train,278,46
7OQM,A,B,train,254,54
7H2R,B,,val,156,65
1WEJ,L,,test,214,61
7RSW,A,B,train,125,7
8B58,B,A,train,200,11
8EBK,A,B,train,86,21
4HM8,A,B,val,446,53
7Z76,B,A,train,89,32
3NHE,A,B,train,337,69
5JRD,T,S,test,264,19
5N8B,D,A,train,125,49
2ZMX,A,B,test,277,47
5LZH,D,A,train,101,0
7OQM,B,A,train,255,55
6ESA,A,E,train,337,35
9N89,H,L,train,215,44
9HUB,X,C,val,73,7
2DN2,B,,train,146,23
3TV3,H,L,train,233,66
1W6S,B,,train,73,41
4HRR,D,A,train,151,20
9FYS,C,X,val,119,6
3SFJ,C,A,train,104,8
7W4Z,A,B,val,362,46
1NCW,H,,train,222,57
1WDD,S,,train,121,44
8EC5,B,A,train,99,31
3FIL,B,A,train,56,13
7AGE,A,I,train,339,29
5LS7,D,A,train,100,48
7N3H,L,H,train,213,61
7O59,A,P,train,226,25
4NDO,B,A,train,268,57
6XTR,A,C,train,303,34
1XG0,A,,val,75,23
5NGQ,A,B,test,114,8
2IUR,B,,val,361,22
5NB4,X,A,train,183,0
6FR4,B,A,val,244,65
8R0Z,A,P,train,234,32
1NCA,H,,test,221,14
4HY7,A,B,train,170,18
7G83,A,B,train,179,32
5GJH,A,,train,97,15
5G0R,B,A,val,442,47
2BVP,B,,train,99,33
5N7X,E,A,train,122,48
2BTF,P,,train,139,23
2DN2,C,,train,141,6
5EMB,A,B,train,96,21
8ZXW,L,H,val,217,59
3P73,B,A,train,99,34
2Y5F,A,,train,234,32
4K1E,A,B,train,223,29
5DC8,B,A,train,363,34
5UD9,L,H,test,205,53
8DA7,B,A,train,52,20
2Z6W,B,,val,164,15
9DNP,A,,train,72,15
1CGI,E,,test,245,33
4KEL,A,B,train,223,30
7BAB,A,B,test,236,18
6EAW,A,I,train,223,32
3PTL,A,B,val,279,27
5TEG,A,B,test,160,10
6TBX,C,A,train,238,38
8DAC,A,B,train,56,17
7S6O,B,A,train,75,11
7COH,D,A,train,143,45
3L0F,A,B,train,162,13
6Y2A,A,B,train,276,53
1JTG,C,,train,261,2
7ETV,A,B,test,128,14
6QHM,A,P,test,235,16
3TV3,L,H,train,205,51
3M2R,C,A,test,246,53
2AH1,H,,train,109,0
1LK2,A,,test,274,44
1MEX,H,,train,211,47
5UD9,H,L,test,227,54
7BIW,A,P,test,231,26
2AGE,X,,test,223,21
6TBX,D,A,train,249,45
8SRV,B,A,train,313,61
8AVR,C,A,train,51,8
2DN2,D,,train,146,17
8ROP,A,C,test,276,38
2UUJ,B,,test,252,31
3QGJ,A,B,train,198,22
3X25,B,A,train,212,94
4JOK,A,B,train,87,13
8T19,A,B,val,86,18
1JTG,A,,train,262,36
2GRR,A,,train,157,20
7Q5V,A,B,train,223,44
